,price.open,price.high,price.low,price.close,volume,price.adjusted,ref.date,ticker,ret.adjusted.prices,ret.closing.prices,,
743,14.75,14.91,14.35,14.65,36300,14.401037,4/2/2018,SLP,NA,NA,,
744,14.7,14.75,14.49,14.65,25100,14.401037,4/3/2018,SLP,0,0,,
745,14.5,14.95,14.5,14.85,24000,14.59764,4/4/2018,SLP,0.013652003,0.013651877,,
746,14.9,15.35,14.85,15.25,22700,14.990842,4/5/2018,SLP,0.026935998,0.026936027,,
747,15.25,15.5,15.1,15.3,55400,15.039992,4/6/2018,SLP,0.003278668,0.003278689,,
748,15.4,16.299999,15.34,15.8,128500,15.531496,4/9/2018,SLP,0.032679805,0.032679739,,
749,16.450001,16.85,15.46,16.799999,203000,16.514502,4/10/2018,SLP,0.063291134,0.063291076,0.648964792,U
750,16.799999,16.889999,16.299999,16.65,42000,16.367048,4/11/2018,SLP,-0.008928758,-0.008928512,1.228074573,U
751,16.700001,17.1,16.4,17,60000,16.711103,4/12/2018,SLP,0.021021201,0.021021021,1.097210333,U
752,17,17,16.66,16.85,41000,16.563654,4/13/2018,SLP,-0.008823415,-0.008823529,1.145582345,U
753,16.85,17.15,16.82,17.049999,52400,16.76025,4/16/2018,SLP,0.01186912,0.011869377,0.68214623,U
754,17.15,17.4,17.15,17.35,51900,17.055153,4/17/2018,SLP,0.017595382,0.017595368,0.293880053,E
755,17.4,17.799999,17.25,17.700001,78300,17.399208,4/18/2018,SLP,0.020173082,0.020172968,0.068015254,E
756,17.700001,18,17.549999,17.950001,55300,17.64496,4/19/2018,SLP,0.014124321,0.014124293,-0.270120145,E
757,17.950001,18,17.5,17.85,36500,17.546658,4/20/2018,SLP,-0.005571109,-0.005571086,-1.302958688,D
758,17.85,18,17.65,17.65,45300,17.350058,4/23/2018,SLP,-0.011204413,-0.011204482,-1.320592754,D
759,17.700001,17.799999,17.200001,17.549999,39300,17.3106,4/24/2018,SLP,-0.002274229,-0.005665779,-0.406974782,E
760,17.5,17.85,17.299999,17.700001,38900,17.458557,4/25/2018,SLP,0.008547191,0.008547123,-0.349345308,E
761,17.75,17.799999,17.5,17.65,28800,17.409235,4/26/2018,SLP,-0.00282509,-0.002824915,-0.058278412,E
762,17.700001,17.700001,16.6,16.65,83800,16.422878,4/27/2018,SLP,-0.056657113,-0.056657224,1.797101964,U
763,16.6,17.049999,16.299999,16.450001,104900,16.225607,4/30/2018,SLP,-0.012011963,-0.012011952,2.33507117,U
764,16.450001,17.200001,16.26,17.200001,39900,16.965376,5/1/2018,SLP,0.045592686,0.045592702,1.892391768,U
765,17.25,17.65,17.15,17.4,38400,17.162649,5/2/2018,SLP,0.011627977,0.011627848,1.805741793,U
766,17.4,17.65,17.25,17.6,34500,17.359919,5/3/2018,SLP,0.011494146,0.011494253,1.775786513,U
767,17.549999,18.200001,17.5,18.200001,48200,17.951735,5/4/2018,SLP,0.034090942,0.034090966,0.903052125,U
768,18.200001,18.549999,18.200001,18.5,79700,18.247641,5/7/2018,SLP,0.016483421,0.016483461,0.527474128,U
769,18.549999,19,18.530001,18.9,65600,18.642185,5/8/2018,SLP,0.021621644,0.021621622,0.105033992,E
770,19,19.200001,18.799999,19.049999,47700,18.790138,5/9/2018,SLP,0.007936462,0.007936455,0.366015551,E
771,19.1,19.34,19.1,19.25,35000,18.987413,5/10/2018,SLP,0.010498858,0.010498741,-0.104484209,E
772,19.200001,19.35,18.950001,19.049999,22000,18.790138,5/11/2018,SLP,-0.010389778,-0.010389662,-0.052353948,E
773,19.1,19.35,18.799999,19,38500,18.740822,5/14/2018,SLP,-0.002624568,-0.00262462,-0.209882141,E
774,18.9,19.219999,18.65,19,26700,18.740822,5/15/2018,SLP,0,0,-0.052493488,E
775,19.049999,19.549999,19.049999,19.4,46600,19.135366,5/16/2018,SLP,0.021052652,0.021052632,-0.419947905,E
776,19.450001,19.450001,19.1,19.15,28300,18.888777,5/17/2018,SLP,-0.012886558,-0.012886598,-0.158034581,E
777,19.25,19.33,18.85,19,58300,18.740822,5/18/2018,SLP,-0.007832958,-0.007832898,0.733945656,U
778,19.049999,19.25,18.799999,18.799999,63100,18.54355,5/21/2018,SLP,-0.010526326,-0.010526368,0.522876316,U
779,18.799999,19.049999,18.799999,18.950001,27100,18.691504,5/22/2018,SLP,0.007978731,0.00797883,0.364425509,E
780,19,19.1,18.91,19,108800,18.740822,5/23/2018,SLP,0.002638525,0.00263847,0.207793456,E
781,19.049999,19.1,18.700001,19,20600,18.740822,5/24/2018,SLP,0,0,0.362538104,E
782,19,19.75,19,19.700001,37800,19.431274,5/25/2018,SLP,0.036842141,0.036842158,-0.413259103,E
783,19.75,19.950001,19,19.299999,94700,19.03673,5/29/2018,SLP,-0.020304587,-0.020304669,0.464715398,E
784,19.4,19.450001,19.25,19.299999,36900,19.03673,5/30/2018,SLP,0,0,0.769559328,U
785,19.35,19.4,19.1,19.200001,38900,18.938095,5/31/2018,SLP,-0.0051813,-0.005181244,0.562179041,U
786,19.35,19.450001,19.200001,19.35,27000,19.086048,6/1/2018,SLP,0.007812454,0.007812448,0.760779429,U
787,19.35,19.41,19.15,19.299999,49500,19.03673,6/4/2018,SLP,-0.002583982,-0.002584031,1.105988787,U
788,19.35,19.85,19.25,19.75,52800,19.480591,6/5/2018,SLP,0.023316032,0.023316115,0.845422449,U
789,19.85,20.1,19.65,20.049999,40200,19.776499,6/6/2018,SLP,0.015189888,0.015189823,0.395548437,E
790,20.1,20.200001,19.25,19.75,40400,19.480591,6/7/2018,SLP,-0.014962608,-0.014962544,1.226493401,U
791,19.65,20.200001,19.26,20.1,33300,19.825819,6/8/2018,SLP,0.017721639,0.017721519,1.162693995,U
792,20.200001,20.450001,20.1,20.4,49500,20.121723,6/11/2018,SLP,0.014925184,0.014925373,1.479715048,U
793,20.450001,20.6,20.200001,20.6,33800,20.318998,6/12/2018,SLP,0.009804081,0.009803922,1.319716553,U
794,20.700001,20.700001,20.4,20.450001,33300,20.171041,6/13/2018,SLP,-0.007281707,-0.007281505,1.812551091,U
795,20.450001,21.049999,20.4,21,42900,20.713541,6/14/2018,SLP,0.026894993,0.026894815,1.145912135,U
796,20.9,21.450001,20.700001,21.299999,54800,21.009447,6/15/2018,SLP,0.014285631,0.014285667,1.087614326,U
797,21.25,22.049999,21,21.950001,71700,21.650581,6/18/2018,SLP,0.030516462,0.030516527,1.381872611,U
798,21.85,22.1,21.5,22,62700,21.6999,6/19/2018,SLP,0.002277953,0.002277859,1.53958822,U
799,22.1,22.5,22,22.4,49900,22.094444,6/20/2018,SLP,0.018181835,0.018181818,-1.330378206,D
800,22.549999,22.620001,22.15,22.25,55300,21.946489,6/21/2018,SLP,-0.00669648,-0.006696429,0,E
801,22.35,22.6,21.950001,22.5,205400,22.193079,6/22/2018,SLP,0.011235966,0.011235955,-0.221975796,E
802,22.700001,23.5,22.299999,23.5,108600,23.179438,6/25/2018,SLP,0.044444441,0.044444444,-1.067062909,D
803,23.75,23.85,23.549999,23.75,140200,23.426027,6/26/2018,SLP,0.010638265,0.010638298,-1.528090473,D
804,23.9,23.9,20.860001,20.9,181900,20.614904,6/27/2018,SLP,-0.11999999,-0.12,0.820978657,U
805,21,22.450001,20.940001,22.25,78400,21.946489,6/28/2018,SLP,0.064593316,0.064593301,-0.316863717,E
806,22.35,22.48,21.559999,22.25,143000,21.946489,6/29/2018,SLP,0,0,1.165484016,U
807,22,22.4,21.559999,22.299999,52700,21.995806,7/2/2018,SLP,0.002247148,0.002247146,0.446428121,E
808,22.35,22.4,21.799999,22.049999,25800,21.749216,7/3/2018,SLP,-0.011210774,-0.011210763,-3.878413061,D
809,22.15,22.25,21.6,21.799999,50300,21.502625,7/5/2018,SLP,-0.011337926,-0.011337869,-4.511996678,D
810,21.700001,22.1,21.59,21.9,60900,21.601261,7/6/2018,SLP,0.004587161,0.004587202,-3.810307989,D
811,21.950001,23.549999,21.93,23.549999,150200,23.228756,7/9/2018,SLP,0.075342592,0.07534242,-6.375320076,D
812,23.6,23.950001,22.25,22.799999,283800,22.488985,7/10/2018,SLP,-0.031847207,-0.031847135,-5.804699408,D
813,22.299999,22.299999,17.75,17.85,495800,17.60651,7/11/2018,SLP,-0.217105174,-0.217105229,-0.284631401,E
814,17.799999,17.85,16.700001,17.1,285000,16.866741,7/12/2018,SLP,-0.042016788,-0.042016807,0.513793402,U
815,17.1,18.25,16.790001,18.049999,167900,17.80378,7/13/2018,SLP,0.055555427,0.055555497,0.113045394,E
816,18.049999,18.25,17.299999,17.35,191300,17.113331,7/16/2018,SLP,-0.038781034,-0.03878111,1.461357464,U
817,17.1,17.6,17.1,17.450001,87000,17.211966,7/17/2018,SLP,0.005763635,0.005763746,1.167745706,U
818,17.450001,17.700001,17.4,17.6,57900,17.359919,7/18/2018,SLP,0.008595938,0.008595931,1.493259724,U
819,17.549999,17.610001,17.209999,17.549999,45800,17.3106,7/19/2018,SLP,-0.002840969,-0.002840966,1.152338571,U
820,17.6,18.75,17.450001,18.15,134000,17.902414,7/20/2018,SLP,0.034187954,0.034188093,-0.480272291,E
821,18.4,18.9,17.809999,18.65,106500,18.395597,7/23/2018,SLP,0.027548408,0.027548209,-1.082130891,D
822,18.700001,19,18.32,18.5,83300,18.247641,7/24/2018,SLP,-0.008043012,-0.008042895,-0.760396775,D
823,18.35,19,18.299999,18.9,103600,18.702845,7/25/2018,SLP,0.024945909,0.021621622,-0.717572942,D
824,18.9,18.9,18.1,18.549999,58600,18.356497,7/26/2018,SLP,-0.018518466,-0.018518571,-0.277524044,E
825,18.65,18.65,17.49,17.65,103300,17.465883,7/27/2018,SLP,-0.048517645,-0.048517469,0.50162922,U
826,17.700001,17.950001,17.450001,17.6,74200,17.416405,7/30/2018,SLP,-0.002832837,-0.002832861,0.720553692,U
827,17.700001,17.9,17.450001,17.75,51200,17.564842,7/31/2018,SLP,0.008522827,0.008522727,0.55096169,U
828,17.799999,18.4,17.76,18.25,79300,18.059624,8/1/2018,SLP,0.028168884,0.028169014,0.21898065,E
829,18.200001,18.98,18.200001,18.299999,73900,18.109102,8/2/2018,SLP,0.002739703,0.002739671,-0.054744056,E
830,18.299999,18.57,17.91,18.1,42300,17.911192,8/3/2018,SLP,-0.010928758,-0.010928908,0.437156921,E
831,18.049999,18.5,17.9,18.25,41000,18.059624,8/6/2018,SLP,0.008287109,0.008287293,0.27223437,E
832,18.299999,18.35,17.85,18.25,52900,18.059624,8/7/2018,SLP,0,0,0.75744028,U
833,18.35,18.549999,18,18.450001,62700,18.25754,8/8/2018,SLP,0.010959032,0.010958959,0.537633044,U
834,18.549999,18.6,18.15,18.25,43000,18.059624,8/9/2018,SLP,-0.010840234,-0.010840162,0.855616268,U
835,18.200001,18.65,18.200001,18.5,48800,18.307018,8/10/2018,SLP,0.013698735,0.01369863,0.795052589,U
836,18.450001,18.75,18.200001,18.5,36700,18.307018,8/13/2018,SLP,0,0,0.737491183,U
837,18.65,19,18.32,18.950001,78600,18.752323,8/14/2018,SLP,0.024324278,0.024324378,0.418301274,E
838,18.9,19.040001,18.450001,18.950001,27700,18.752323,8/15/2018,SLP,0,0,0.675909309,U
839,19,19.25,18.75,19.049999,45900,18.85128,8/16/2018,SLP,0.005277053,0.005276939,1.23393395,U
840,19,19.5,18.85,19.25,38600,19.049194,8/17/2018,SLP,0.010498704,0.010498741,1.319797869,U
841,19.200001,19.450001,19.1,19.200001,45700,18.999718,8/20/2018,SLP,-0.002597275,-0.002597351,1.156743819,U
842,19.200001,19.5,19.15,19.35,68000,19.148151,8/21/2018,SLP,0.007812379,0.007812448,0.798336987,U
843,19.43,19.790001,19.35,19.6,53600,19.395542,8/22/2018,SLP,0.012919838,0.012919897,0.347539294,E
844,19.700001,20.25,19.6,20.25,51600,20.038763,8/23/2018,SLP,0.033163342,0.033163265,0.147964201,E
845,19.6,21.1,19.6,20.549999,94600,20.335634,8/24/2018,SLP,0.014814837,0.014814765,0.294478967,E
846,20.65,21,20.200001,20.35,58100,20.137718,8/27/2018,SLP,-0.009732473,-0.009732312,0.343140242,E
847,20.4,20.5,20.049999,20.15,57500,19.939806,8/28/2018,SLP,-0.009827926,-0.00982801,0.537679487,U
848,20.15,20.43,19.35,19.950001,62600,19.741892,8/29/2018,SLP,-0.009925573,-0.009925509,0.778274338,U
849,20,20.450001,19.700001,20.4,33800,20.187197,8/30/2018,SLP,0.022556349,0.02255634,-0.04848541,E
850,20.299999,20.950001,20.25,20.85,43400,20.632505,8/31/2018,SLP,0.022058932,0.022058824,-0.290557323,E
851,20.799999,20.799999,20.35,20.700001,36300,20.48407,9/4/2018,SLP,-0.007194231,-0.007194197,-0.242917792,E
852,20.700001,20.85,19.9,20.700001,34700,20.48407,9/5/2018,SLP,0,0,-0.389931418,E
853,20.66,20.950001,20.450001,20.75,47200,20.533548,9/6/2018,SLP,0.002415438,0.002415411,-0.538335381,D
854,20.65,20.799999,20.25,20.35,24500,20.137718,9/7/2018,SLP,-0.019277234,-0.019277108,-0.344685121,E
855,20.35,20.75,20.15,20.549999,31500,20.335634,9/10/2018,SLP,0.009828125,0.009827961,-0.692213654,D
856,20.450001,20.700001,20.15,20.450001,36200,20.236675,9/11/2018,SLP,-0.004866285,-0.004866083,0,E
857,20.5,20.549999,20.15,20.299999,20400,20.088238,9/12/2018,SLP,-0.007335049,-0.007335061,-0.099168692,E
858,20.35,20.65,20,20.200001,28700,19.989286,9/13/2018,SLP,-0.004925868,-0.00492601,0.099168692,E
859,20.35,20.73,20,20,53700,19.79137,9/14/2018,SLP,-0.009901104,-0.009901039,0.049646895,E
860,20.049999,20.1,19.65,19.85,61700,19.642935,9/17/2018,SLP,-0.007499986,-0.0075,0.346966093,E
861,19.75,20.799999,19.75,20.450001,107500,20.236675,9/18/2018,SLP,0.030226644,0.030226751,0,E
862,20.299999,20.700001,19.9,20.200001,56900,19.989286,9/19/2018,SLP,-0.012224785,-0.012224938,-0.148457336,E
863,20.049999,20.5,20.049999,20.299999,39200,20.088238,9/20/2018,SLP,0.004950252,0.004950396,-0.347104467,E
864,20.35,20.75,20,20.049999,77600,19.840847,9/21/2018,SLP,-0.012315216,-0.012315272,0.148887109,E
865,19.9,20.299999,19.450001,20.200001,75800,19.989286,9/24/2018,SLP,0.007481485,0.007481397,-0.278217615,E
866,20.200001,20.690001,19.860001,20.450001,58300,20.236675,9/25/2018,SLP,0.01237608,0.012376237,-0.328112741,E
867,20.549999,20.549999,19.75,20.049999,96300,19.840847,9/26/2018,SLP,-0.019559933,-0.019559999,0.476944761,E
868,20.15,20.200001,19.950001,19.950001,30000,19.741892,9/27/2018,SLP,-0.004987438,-0.004987432,0.337160912,E
869,19.9,20.75,19.9,20.200001,145200,19.989286,9/28/2018,SLP,0.012531423,0.012531328,-0.198251099,E
870,20.27,20.540001,19.83,19.92,38000,19.712204,10/1/2018,SLP,-0.013861526,-0.013861435,-0.009935554,E
871,19.969999,20.24,19.860001,20.120001,42400,19.910118,10/2/2018,SLP,0.010040176,0.010040211,-0.129095414,E
872,20.200001,20.629999,19.799999,20.530001,51900,20.315845,10/3/2018,SLP,0.02037793,0.020377733,-0.867256083,D
873,20.52,20.52,19.98,20.290001,49400,20.078344,10/4/2018,SLP,-0.011690432,-0.011690209,-0.683072217,D
874,20.299999,20.59,19.58,20,74800,19.79137,10/5/2018,SLP,-0.014292713,-0.014292804,-0.08061183,E
875,19.950001,20.16,19.4,19.91,172700,19.702309,10/8/2018,SLP,-0.004499992,-0.0045,0.211391266,E
876,19.9,20.25,19.700001,19.99,47800,19.781475,10/9/2018,SLP,0.004018108,0.004018081,0.888667015,U
877,19.99,20.040001,19.23,19.66,72200,19.454918,10/10/2018,SLP,-0.016508223,-0.016508254,1.502843375,U
878,19.43,20,19.43,19.610001,58000,19.405439,10/11/2018,SLP,-0.002543264,-0.002543184,0.942100306,U
879,19.860001,20.200001,19.65,19.92,55200,19.712204,10/12/2018,SLP,0.015808197,0.015808209,0.195455948,E
880,19.9,20.4,19.82,20.120001,57400,19.910118,10/15/2018,SLP,0.010040176,0.010040211,0.418086091,E
881,20.200001,21.209999,20.200001,20.879999,87800,20.662191,10/16/2018,SLP,0.037773407,0.037773259,-0.416971197,E
882,20.879999,21.25,20.75,21.18,47000,20.959063,10/17/2018,SLP,0.014367886,0.014367865,-0.975215767,D
883,21.059999,21.129999,20.280001,20.57,50300,20.355425,10/18/2018,SLP,-0.02880081,-0.028800755,0.0587754,E
884,20.6,21.049999,19.799999,20.120001,43600,19.910118,10/19/2018,SLP,-0.021876576,-0.021876471,0.108053487,E
885,20.209999,20.879999,20.120001,20.549999,33000,20.335634,10/22/2018,SLP,0.021371847,0.021371669,-0.432254286,E
886,20.27,20.75,20.15,20.450001,38000,20.236675,10/23/2018,SLP,-0.004866285,-0.004866083,-0.147663737,E
887,20.459999,20.780001,20.129999,20.18,151900,19.969492,10/24/2018,SLP,-0.01320291,-0.013202982,0.088641455,E
888,20.32,20.700001,20.23,20.629999,36100,20.414799,10/25/2018,SLP,0.022299365,0.022299257,-0.166747762,E
889,20.42,20.68,19.639999,20.23,36100,20.018969,10/26/2018,SLP,-0.019389366,-0.019389191,0.246729824,E
890,20.43,20.59,19.85,20.110001,43500,19.900225,10/29/2018,SLP,-0.005931574,-0.005931735,0.246110616,E
891,20.1,20.34,19.610001,20.299999,39100,20.088238,10/30/2018,SLP,0.009447783,0.009447936,0.685661884,U
892,20.42,20.540001,19.809999,20.209999,48400,20.058466,10/31/2018,SLP,-0.001482061,-0.004433498,0.962178038,U
893,20.309999,20.5,20.110001,20.4,27400,20.24704,11/1/2018,SLP,0.009401217,0.009401336,0.492874596,E
894,20.49,20.5,20.120001,20.42,23600,20.266891,11/2/2018,SLP,0.00098044,0.000980392,0.279562414,E
895,20.43,20.43,20.17,20.299999,41700,20.147789,11/5/2018,SLP,-0.005876678,-0.005876641,0.355971076,E
896,20.299999,21,20.209999,20.940001,74200,20.782993,11/6/2018,SLP,0.031527231,0.031527194,-0.673780308,D
897,20.940001,21.25,20.6,21.200001,37400,21.041044,11/7/2018,SLP,0.01241645,0.012416427,-1.007346097,D
898,21.18,21.18,20.74,20.91,19800,20.753218,11/8/2018,SLP,-0.013679264,-0.013679292,-0.595173072,D
899,20.83,21.059999,20.559999,20.709999,31600,20.554716,11/9/2018,SLP,-0.009564878,-0.009564849,-0.480784981,E
900,20.66,20.83,20.34,20.67,20200,20.515017,11/12/2018,SLP,-0.001931382,-0.001931386,-0.472984112,E
901,20.700001,20.73,20.16,20.24,22700,20.08824,11/13/2018,SLP,-0.020803151,-0.020803096,-1.522155347,D
902,20.24,20.389999,20.16,20.16,46400,20.008841,11/14/2018,SLP,-0.003952512,-0.003952569,-1.419517545,D
903,20.16,20.940001,20.16,20.299999,59500,20.147789,11/15/2018,SLP,0.00694433,0.006944395,-0.928725425,D
904,20.27,20.360001,20.16,20.219999,123600,20.06839,11/16/2018,SLP,-0.003940829,-0.003940887,-1.551723028,D
905,20.16,20.48,20.16,20.190001,139100,20.038616,11/19/2018,SLP,-0.001483627,-0.001483581,-1.275815392,D
906,20.16,20.27,18.4,18.719999,293700,18.579638,11/20/2018,SLP,-0.072808322,-0.072808416,1.330424833,U
907,18.719999,19.139999,18.299999,18.76,51400,18.619339,11/21/2018,SLP,0.002136802,0.002136806,0.593954993,U
908,18.6,19.629999,18.43,19.389999,19000,19.244616,11/23/2018,SLP,0.033582127,0.033582036,0.443984617,E
909,19.48,19.76,18.040001,18.719999,54600,18.579638,11/26/2018,SLP,-0.034553976,-0.034553896,1.019391414,U
910,18.700001,19.15,18.549999,18.969999,56600,18.827765,11/27/2018,SLP,0.013354781,0.013354702,-0.113129693,E
911,18.950001,20.01,18.870001,19.99,95700,19.840117,11/28/2018,SLP,0.053769101,0.053769165,-0.573673404,D
912,19.93,19.959999,19.17,19.33,31400,19.185064,11/29/2018,SLP,-0.03301659,-0.033016508,0.030899609,E
913,19.43,19.98,19.280001,19.82,72200,19.671391,11/30/2018,SLP,0.025349251,0.025349198,-0.123204065,E
914,20.07,20.07,19.23,19.709999,42400,19.562214,12/3/2018,SLP,-0.00555004,-0.00555,0.102679012,E
915,19.65,19.950001,18.57,18.860001,34700,18.71859,12/4/2018,SLP,-0.04312518,-0.043125218,0.658321968,U
916,18.98,19.57,18.719999,19.43,44000,19.284315,12/6/2018,SLP,0.030222629,0.030222639,-0.534657448,D
917,19.360001,19.52,19.129999,19.360001,58400,19.21484,12/7/2018,SLP,-0.003602669,-0.003602625,-0.350816124,E
918,19.059999,19.98,19.049999,19.700001,51000,19.55229,12/10/2018,SLP,0.017561947,0.017561983,-1.342004027,D
919,19.870001,20,19.610001,19.809999,21800,19.661465,12/11/2018,SLP,0.005583745,0.005583655,-1.069553877,D
920,19.860001,20.110001,19.4,19.5,27600,19.35379,12/12/2018,SLP,-0.01564863,-0.015648613,-1.060728681,D
921,19.5,19.879999,18.42,18.91,32500,18.768215,12/13/2018,SLP,-0.030256348,-0.03025641,-1.456965793,D
922,18.82,19.84,18.76,19.02,45300,18.87739,12/14/2018,SLP,0.005817016,0.005817028,-1.583979286,D
923,19.030001,19.120001,18.110001,18.41,66000,18.271961,12/17/2018,SLP,-0.032071648,-0.032071504,-0.851846689,D
924,18.59,19,18.49,18.790001,32200,18.649115,12/18/2018,SLP,0.020641134,0.02064101,-0.265170631,E
925,18.790001,18.99,18.129999,18.5,38800,18.361286,12/19/2018,SLP,-0.015433923,-0.015433794,0.221161389,E
926,18.34,18.4,17.18,17.559999,76800,17.428337,12/20/2018,SLP,-0.050810657,-0.050810865,1.36739506,U
927,17.559999,17.959999,17.209999,17.57,98000,17.438261,12/21/2018,SLP,0.000569417,0.000569533,2.515292401,U
928,17.51,17.93,17.43,17.639999,22300,17.507736,12/24/2018,SLP,0.003984056,0.003984007,2.389637172,U
929,17.620001,18.58,17.59,18.549999,37600,18.410913,12/26/2018,SLP,0.05158731,0.051587305,0.38686093,E
930,18.27,18.700001,17.799999,18.700001,60400,18.55979,12/27/2018,SLP,0.008086345,0.008086362,0.674915275,U
931,19.040001,19.309999,18.68,18.799999,97100,18.659039,12/28/2018,SLP,0.005347528,0.005347486,0.916266474,U
932,18.51,20.09,18.51,19.9,178700,19.75079,12/31/2018,SLP,0.05851057,0.058510695,0.548223242,U
933,19.9,20.700001,19.74,19.9,104500,19.75079,1/2/2019,SLP,0,0,0.485337729,E
934,19.68,19.860001,18.879999,18.92,41900,18.778139,1/3/2019,SLP,-0.049246182,-0.049246231,0.061140152,E
935,19.18,19.799999,18.98,19.35,70000,19.204916,1/4/2019,SLP,0.022727332,0.022727273,0.716566065,U
936,19.35,19.77,19.01,19.690001,59900,19.542366,1/7/2019,SLP,0.017571022,0.017571111,-0.3431448,E
937,19.91,20.57,19.799999,20.440001,75700,20.286741,1/8/2019,SLP,0.038090321,0.038090399,-0.523798503,D
938,20.5,20.6,20.01,20.379999,74100,20.22719,1/9/2019,SLP,-0.002935464,-0.002935518,-0.94463797,D
939,20.07,20.48,18.41,18.98,167500,18.837688,1/10/2019,SLP,-0.068694762,-0.068694753,0.266667151,E
940,19.1,21,19.1,20.059999,134500,19.90959,1/11/2019,SLP,0.056901993,0.056901949,-0.469308004,E
941,20.1,20.16,19.02,19.35,100300,19.204916,1/14/2019,SLP,-0.035393697,-0.03539377,-0.525775229,D
942,19.360001,20.43,19.360001,19.92,54700,19.770639,1/15/2019,SLP,0.029457197,0.029457364,-0.97216143,D
943,20,20.040001,19.16,19.450001,48800,19.304167,1/16/2019,SLP,-0.023594179,-0.023594327,-0.154910091,E
944,19.450001,19.690001,18.940001,19.24,58600,19.095739,1/17/2019,SLP,-0.010797047,-0.010796966,0.323920326,E
945,19.27,19.99,19.27,19.6,73500,19.453039,1/18/2019,SLP,0.01871098,0.018711019,-0.687555059,D
946,19.620001,19.620001,18.620001,18.84,58600,18.698738,1/22/2019,SLP,-0.038775484,-0.03877551,0.073116689,E
947,19.02,19.35,18.700001,18.98,27000,18.837688,1/23/2019,SLP,0.007430983,0.007430998,0.031489395,E
948,18.940001,19.25,18.540001,19.24,51300,19.156298,1/24/2019,SLP,0.016913434,0.01369863,0.020928583,E
949,19.370001,19.889999,19.35,19.49,51800,19.405209,1/25/2019,SLP,0.01299369,0.012993763,-0.125434548,E
950,19.360001,19.5,18.68,18.879999,37100,18.797863,1/28/2019,SLP,-0.031298091,-0.031298153,0.772645615,U
951,18.77,19.040001,18.209999,18.85,72800,18.767994,1/29/2019,SLP,-0.001588957,-0.00158893,0.509576966,U
952,18.860001,19.18,18.860001,18.950001,40200,18.867559,1/30/2019,SLP,0.005305042,0.005305093,0.630490715,U
953,18.85,19.35,18.73,19.26,50700,19.17621,1/31/2019,SLP,0.01635882,0.016358785,0.010308029,E
954,19.190001,19.43,18.99,19.370001,49300,19.285732,2/1/2019,SLP,0.005711348,0.005711371,0.154268667,E
955,19.34,19.75,19.27,19.620001,35000,19.534645,2/4/2019,SLP,0.012906588,0.012906556,0.266232381,E
956,19.75,19.75,19.25,19.34,34600,19.255863,2/5/2019,SLP,-0.014271158,-0.014271202,0.307139113,E
957,19.33,19.639999,19.110001,19.559999,22900,19.474905,2/6/2019,SLP,0.011375341,0.011375336,0.285447418,E
958,19.43,19.66,19.09,19.27,38100,19.186167,2/7/2019,SLP,-0.014826157,-0.014826126,0.589829763,U
959,19.120001,19.58,19.120001,19.52,34600,19.43508,2/8/2019,SLP,0.012973566,0.012973534,0.656012247,U
960,19.610001,20,19.57,19.879999,35600,19.793512,2/11/2019,SLP,0.018442528,0.018442572,0.610663347,U
961,19.969999,20,19.52,19.639999,39900,19.554556,2/12/2019,SLP,-0.012072441,-0.012072435,0.618712308,U
962,19.74,19.879999,19.66,19.84,19100,19.753687,2/13/2019,SLP,0.010183356,0.010183351,0.644096575,U
963,19.719999,19.950001,19.719999,19.85,19000,19.763643,2/14/2019,SLP,0.000504007,0.000504032,1.47773724,U
964,19.92,20.620001,19.889999,20.17,107200,20.082251,2/15/2019,SLP,0.016120915,0.016120907,0.997016325,U
965,20.17,20.5,20.17,20.49,31000,20.40086,2/19/2019,SLP,0.015865204,0.015865146,0.077188097,E
966,20.5,20.59,20.26,20.26,40100,20.17186,2/20/2019,SLP,-0.011225017,-0.011224988,0.625050836,U
967,20.26,20.5,20.26,20.49,20000,20.40086,2/21/2019,SLP,0.011352448,0.011352419,0.019193866,E
968,20.5,21.6,20.309999,21.360001,144500,21.267075,2/22/2019,SLP,0.04245973,0.042459785,-0.296179914,E
969,21.469999,21.66,21.110001,21.200001,46800,21.107771,2/25/2019,SLP,-0.00749064,-0.007490636,-0.57673751,D
970,21.18,21.25,20.57,20.57,32200,20.480511,2/26/2019,SLP,-0.029717017,-0.029717027,0.164015031,E
971,20.540001,20.98,20.530001,20.91,18400,20.819033,2/27/2019,SLP,0.016528982,0.016528926,-0.862474579,D
972,20.870001,20.940001,20.459999,20.51,39500,20.420773,2/28/2019,SLP,-0.019129611,-0.019129603,-0.517494616,D
973,20.530001,21.299999,20.200001,21.049999,22000,20.958422,3/1/2019,SLP,0.026328533,0.026328571,-0.970191865,D
974,21,21.059999,20.549999,20.6,34600,20.510382,3/4/2019,SLP,-0.021377564,-0.021377626,-0.2069171,E
975,20.540001,20.940001,20.450001,20.74,25300,20.649773,3/5/2019,SLP,0.006796119,0.006796117,-0.702856144,D
976,20.59,20.709999,19.940001,20.02,24600,19.932903,3/6/2019,SLP,-0.034715636,-0.034715526,0.3673355,E
977,20.01,20.379999,19.77,19.98,29200,19.893078,3/7/2019,SLP,-0.001997953,-0.001998002,0.553589864,U
978,19.870001,20.66,19.790001,20.059999,52700,19.972729,3/8/2019,SLP,0.004003956,0.004003954,0.44291508,E
979,19.950001,20.49,19.85,20.389999,37100,20.301292,3/11/2019,SLP,0.016450581,0.016450649,0.176429398,E
980,20.41,20.65,19.98,20.030001,32000,19.94286,3/12/2019,SLP,-0.017655625,-0.017655616,0.450503103,E
981,20.110001,20.700001,20.1,20.389999,21200,20.301292,3/13/2019,SLP,0.017972949,0.01797294,0.573373927,U
982,20.4,20.639999,20.33,20.540001,27500,20.450644,3/14/2019,SLP,0.007356773,0.007356646,0.242169455,E
983,20.549999,20.75,20.42,20.51,61300,20.420773,3/15/2019,SLP,-0.001460639,-0.001460613,-0.388822531,E
984,20.51,20.75,20.35,20.57,25200,20.480511,3/18/2019,SLP,0.002925354,0.002925402,0.048559913,E
985,20.58,20.709999,20.360001,20.49,16900,20.40086,3/19/2019,SLP,-0.003889112,-0.003889159,0.464665252,E
986,20.5,21.290001,20.49,20.98,39400,20.888727,3/20/2019,SLP,0.023914041,0.023914104,-0.59108407,D
987,20.85,21.15,20.65,20.790001,41600,20.699556,3/21/2019,SLP,-0.009056129,-0.009056196,0.164752929,E
988,20.75,21.17,20.110001,20.110001,41800,20.022512,3/22/2019,SLP,-0.032708141,-0.032708031,0.96665292,U
989,20.1,20.75,20.059999,20.620001,35300,20.530294,3/25/2019,SLP,0.025360554,0.025360516,-0.125280649,E
990,20.74,21.09,20.68,20.969999,38600,20.878771,3/26/2019,SLP,0.016973795,0.016973714,-0.725106517,D
991,20.92,20.969999,20.1,20.370001,31800,20.281382,3/27/2019,SLP,-0.028612268,-0.028612209,-0.223864985,E
992,20.389999,21,20.370001,20.959999,37400,20.868814,3/28/2019,SLP,0.028964101,0.028964063,-1.025809009,D
993,21,21.25,20.790001,21.110001,57000,21.018164,3/29/2019,SLP,0.007156612,0.007156584,-0.637624304,D
994,21.09,21.110001,20.42,20.49,36900,20.40086,4/1/2019,SLP,-0.029370025,-0.029370013,-0.256897962,E
995,20.43,20.51,20.129999,20.219999,16900,20.132032,4/2/2019,SLP,-0.013177288,-0.013177208,-0.258021974,E
996,20.32,20.73,20,20.139999,41800,20.05238,4/3/2019,SLP,-0.003956481,-0.003956479,2.403700726,U
997,20.15,20.469999,19.74,19.91,27300,19.823381,4/4/2019,SLP,-0.011420041,-0.01142001,2.799557988,U
998,19.93,20.67,19.85,20.459999,37100,20.370987,4/5/2019,SLP,0.027624248,0.027624259,1.322085504,U
999,20.450001,20.450001,20.08,20.23,28900,20.141989,4/8/2019,SLP,-0.01124138,-0.011241398,1.785934973,U
1000,20.23,20.379999,19.92,19.959999,102100,19.873163,4/9/2019,SLP,-0.013346547,-0.013346565,2.032819061,U
1001,21,22.700001,20.85,22.610001,185500,22.511637,4/10/2019,SLP,0.13276568,0.132765638,-0.538560492,D
1002,22.5,23.18,22.129999,22.85,95700,22.750593,4/11/2019,SLP,0.010614777,0.010614728,-0.368483832,E
1003,22.969999,23.16,21.84,21.870001,75200,21.774857,4/12/2019,SLP,-0.042888377,-0.042888359,0.513860487,U
1004,22.059999,22.35,21.969999,22.16,34800,22.063593,4/15/2019,SLP,0.013260064,0.013260127,-0.027740561,E
1005,22.17,22.25,21.799999,22.190001,39200,22.093464,4/16/2019,SLP,0.001353859,0.001353836,-0.262747727,E
1006,22.24,22.25,22,22.01,57200,21.914246,4/17/2019,SLP,-0.008111811,-0.008111807,-0.200511853,E
1007,22,22.450001,21.950001,22.440001,73500,22.342377,4/18/2019,SLP,0.019536652,0.01953662,-0.072344983,E
1008,22.360001,22.700001,22.219999,22.440001,26900,22.342377,4/22/2019,SLP,0,0,-1.81164E-06,E
1009,22.219999,22.49,22,22.07,42800,22.032896,4/23/2019,SLP,-0.013851749,-0.016488457,0.415508321,E
1010,22.030001,22.209999,21.65,21.84,82300,21.803284,4/24/2019,SLP,-0.010421326,-0.010421386,0.782079802,U
1011,21.83,22.139999,21.469999,21.73,61100,21.693468,4/25/2019,SLP,-0.005036672,-0.00503663,0.537393373,U
1012,21.719999,22.299999,21.549999,22.299999,44700,22.26251,4/26/2019,SLP,0.02623103,0.026230971,0.788541262,U
1013,22.34,22.66,22.23,22.379999,25400,22.342375,4/29/2019,SLP,0.003587421,0.003587444,0.68672162,U
1014,22.379999,22.59,21.75,22.530001,55300,22.492125,4/30/2019,SLP,0.00670251,0.006702503,0.350747644,E
1015,22.620001,23,22.07,22.709999,33000,22.67182,5/1/2019,SLP,0.007989241,0.007989258,0.791650159,U
1016,22.709999,22.940001,22.25,22.33,23600,22.292459,5/2/2019,SLP,-0.01673271,-0.016732674,1.234622955,U
1017,22.360001,23.299999,22.360001,23.190001,37700,23.151014,5/3/2019,SLP,0.038513248,0.038513256,0.995604247,U
1018,23.01,23.299999,22.879999,23.16,37000,23.121065,5/6/2019,SLP,-0.001293637,-0.001293704,0.500070517,U
1019,22.969999,23.299999,22.469999,22.93,37200,22.891451,5/7/2019,SLP,-0.009930944,-0.009930915,0.608151261,U
1020,23.08,23.74,22.940001,23.620001,36600,23.580292,5/8/2019,SLP,0.030091627,0.030091627,0.527232674,U
1021,23.75,23.91,23.48,23.76,33400,23.720057,5/9/2019,SLP,0.005927195,0.005927138,0.615512608,U
1022,23.75,24.5,23.66,24.360001,91300,24.319048,5/10/2019,SLP,0.025252511,0.025252567,0.264480993,E
1023,24.139999,24.200001,23.73,23.75,33500,23.710073,5/13/2019,SLP,-0.025041071,-0.025041091,0.709571592,U
1024,23.92,23.98,23.450001,23.65,38900,23.610241,5/14/2019,SLP,-0.004210531,-0.004210526,1.500203246,U
1025,23.51,24.43,23.299999,24.25,38400,24.209232,5/15/2019,SLP,0.025369966,0.025369979,0.966572983,U
1026,24.299999,24.5,24.25,24.5,26700,24.458813,5/16/2019,SLP,0.010309332,0.010309278,0.256768674,E
1027,24.41,24.940001,24.26,24.68,32800,24.63851,5/17/2019,SLP,0.007346922,0.007346939,0.28782827,E
1028,24.620001,25.08,24.129999,24.610001,43500,24.568628,5/20/2019,SLP,-0.002836292,-0.002836264,0.960125513,U
1029,24.790001,25.5,24.75,25.49,46800,25.447147,5/21/2019,SLP,0.035757756,0.03575778,0.299036661,E
1030,25.42,26.1,24.969999,25.450001,31600,25.407215,5/22/2019,SLP,-0.001569213,-0.001569204,0.078662036,E
1031,25.26,25.26,24.51,24.82,32000,24.778273,5/23/2019,SLP,-0.024754464,-0.024754459,0.197148154,E
1032,25.01,25.24,24.67,25.040001,26500,24.997906,5/24/2019,SLP,0.008863935,0.00886386,-0.66512794,D
1033,25.040001,27.33,24.68,25.82,103800,25.776592,5/28/2019,SLP,0.031150049,0.031150119,-0.753071022,D
1034,25.700001,26.139999,25.15,25.870001,44300,25.826509,5/29/2019,SLP,0.001936524,0.001936522,-0.781655456,D
1035,25.85,27.299999,25.4,25.549999,109500,25.507046,5/30/2019,SLP,-0.012369577,-0.012369617,-0.400988766,E
1036,25.200001,25.4,24.83,25.07,35000,25.027853,5/31/2019,SLP,-0.018786691,-0.018786654,0.104503659,E
1037,25.07,25.389999,24.08,24.200001,63800,24.159317,6/3/2019,SLP,-0.034702777,-0.034702792,2.042655044,U
1038,24.309999,25.389999,24.309999,24.870001,83500,24.82819,6/4/2019,SLP,0.027685923,0.027685949,1.11321711,U
1039,24.99,25.23,24.75,24.889999,52500,24.848156,6/5/2019,SLP,0.000804167,0.000804101,1.692427086,U
1040,24.84,25.17,24.84,25.049999,27700,25.007887,6/6/2019,SLP,0.006428284,0.006428285,1.441556956,U
1041,25.049999,25.389999,25,25.200001,31800,25.157637,6/7/2019,SLP,0.005988111,0.005988104,1.102301557,U
1042,25.35,26.959999,25.35,26.77,49000,26.724997,6/10/2019,SLP,0.062301559,0.062301545,0.216416061,E
1043,26.969999,27.139999,25.91,26.290001,41400,26.245804,6/11/2019,SLP,-0.017930517,-0.017930482,0.862024857,U
1044,26.26,27.139999,26.26,27.08,26700,27.034475,6/12/2019,SLP,0.030049413,0.030049409,0.47142442,E
1045,27.110001,27.25,26.68,26.940001,38400,26.894711,6/13/2019,SLP,-0.005169843,-0.00516983,1.074036755,U
1046,26.92,27.209999,26.32,26.66,43300,26.615181,6/14/2019,SLP,-0.010393493,-0.010393504,1.667167499,U
1047,26.799999,27.25,26.790001,27.059999,46200,27.014507,6/17/2019,SLP,0.015003693,0.015003713,1.049126673,U
1048,27.1,27.5,26.9,27.450001,53800,27.403852,6/18/2019,SLP,0.014412441,0.014412491,0.461047234,E
1049,27.48,27.790001,27.25,27.719999,59900,27.673397,6/19/2019,SLP,0.009836026,0.009835992,0.409339585,E
1050,27.9,29.09,27.5,28.41,87500,28.362238,6/20/2019,SLP,0.024891812,0.024891812,-0.042188352,E
1051,28.549999,29.49,27.84,28.969999,389800,28.921297,6/21/2019,SLP,0.019711385,0.019711334,-0.288039536,E
1052,29.4,29.98,28.07,28.530001,121700,28.482037,6/24/2019,SLP,-0.015188116,-0.015188057,0.02816683,E
1053,28.610001,29.08,27.59,28.1,58500,28.052759,6/25/2019,SLP,-0.015071885,-0.015071889,0.65297629,U
1054,28.07,28.67,27.75,28.299999,78600,28.252422,6/26/2019,SLP,0.00711741,0.007117402,0.565380459,U
1055,28.33,28.450001,27.950001,28.35,41400,28.30234,6/27/2019,SLP,0.001766857,0.00176682,0.479555187,E
1056,28.32,28.639999,27.15,28.559999,216300,28.511986,6/28/2019,SLP,0.007407373,0.007407372,-0.257390623,E
1057,28.91,29.4,28.360001,28.57,72100,28.521969,7/1/2019,SLP,0.000350133,0.000350175,-0.18811025,E
1058,28.719999,29.35,28.65,29.030001,45900,28.981197,7/2/2019,SLP,0.016100852,0.01610084,0.228861892,E
1059,29.129999,29.33,28.91,29.110001,42200,29.061062,7/3/2019,SLP,0.002755752,0.00275577,1.458570993,U
1060,29.030001,29.129999,27.780001,29.040001,54500,28.99118,7/5/2019,SLP,-0.002404661,-0.002404672,2.086722087,U
1061,29.1,29.129999,28.1,28.190001,80300,28.142609,7/8/2019,SLP,-0.029269971,-0.029269971,2.464391445,U
1062,28.120001,28.530001,27.91,28.299999,64700,28.252422,7/9/2019,SLP,0.003902019,0.003902022,2.330665238,U
1063,28.459999,29.66,28.450001,29.360001,235400,29.310642,7/10/2019,SLP,0.037455904,0.037455902,1.79313195,U
1064,30.15,32.419998,29.549999,31.24,280200,31.187481,7/11/2019,SLP,0.064032681,0.064032661,1.584262131,U
1065,32.299999,32.849998,31.35,32.139999,242400,32.085968,7/12/2019,SLP,0.02880922,0.028809187,1.278678853,U
1066,32.41,32.41,31.620001,31.91,69200,31.856354,7/15/2019,SLP,-0.007156212,-0.007156161,1.786091528,U
1067,32.029999,32.869999,31.709999,31.889999,154100,31.836388,7/16/2019,SLP,-0.000626751,-0.000626794,2.250183499,U
1068,31.889999,32.34,31.629999,32.18,67800,32.1259,7/17/2019,SLP,0.009093745,0.009093791,2.547391402,U
1069,32.220001,34.939999,32.060001,33.790001,157900,33.733196,7/18/2019,SLP,0.050031159,0.050031106,2.949712366,U
1070,34.23,35.099998,34,34.23,203300,34.172455,7/19/2019,SLP,0.013021565,0.013021574,2.294577616,U
1071,34.669998,36.200001,34.349998,34.869999,221900,34.811378,7/22/2019,SLP,0.018697018,0.01869702,2.73928945,U
1072,35.25,36.080002,35,35.689999,177600,35.629997,7/23/2019,SLP,0.023515846,0.023515917,1.98225917,U
1073,35.5,37.099998,35.299999,36.52,512300,36.52,7/24/2019,SLP,0.024979037,0.023255843,1.189552625,U
1074,36.93,39,36.889999,38.990002,437600,38.990002,7/25/2019,SLP,0.067634228,0.067634228,1.395994773,U
1075,39,39.630001,37.540001,38.349998,424300,38.349998,7/26/2019,SLP,-0.016414567,-0.016414567,-0.796424764,D
1076,38.5,40.5,38.5,39.93,290100,39.93,7/29/2019,SLP,0.041199533,0.041199533,-2.252550901,D
1077,40.080002,40.25,39.060001,39.41,193200,39.41,7/30/2019,SLP,-0.01302279,-0.01302279,-0.991952321,D
1078,39.630001,39.900002,38.450001,38.82,286800,38.82,7/31/2019,SLP,-0.01497082,-0.01497082,-0.530996188,D
1079,38.48,41.950001,38.400002,41.75,347000,41.75,8/1/2019,SLP,0.075476558,0.075476558,-1.052492725,D
1080,41.939999,41.939999,35.860001,36.790001,570000,36.790001,8/2/2019,SLP,-0.118802371,-0.118802371,0.665306476,U
1081,35.509998,37.490002,33.900002,35.57,340700,35.57,8/5/2019,SLP,-0.033161211,-0.033161211,1.108116457,U
1082,36,38.25,35.900002,37.509998,246000,37.509998,8/6/2019,SLP,0.054540287,0.054540287,0.361636788,E
1083,36.990002,38.290001,36.080002,37.810001,165500,37.810001,8/7/2019,SLP,0.007997948,0.007997948,-0.393855838,E
1084,37.830002,40.799999,37.830002,39.740002,220900,39.740002,8/8/2019,SLP,0.051044722,0.051044722,-1.625616783,D
1085,39.630001,39.650002,37.509998,38.040001,171900,38.040001,8/9/2019,SLP,-0.04277808,-0.04277808,-0.293189456,E
1086,37.490002,38.799999,37.220001,37.66,175300,37.66,8/12/2019,SLP,-0.009989511,-0.009989511,-0.165761695,E
1087,37.52,38.509998,37.220001,38.200001,162000,38.200001,8/13/2019,SLP,0.014338848,0.014338848,-0.632764853,D
1088,37.540001,38.09,35.810001,37.060001,185000,37.060001,8/14/2019,SLP,-0.029842931,-0.029842931,0.317162205,E
1089,37.259998,37.950001,36.5,36.66,125800,36.66,8/15/2019,SLP,-0.010793335,-0.010793335,0.263300371,E
1090,37.209999,38,37,37.490002,114300,37.490002,8/16/2019,SLP,0.022640535,0.022640535,-0.884456781,D
1091,38.139999,38.529999,37.02,37.349998,92700,37.349998,8/19/2019,SLP,-0.003734436,-0.003734436,-0.384371923,E
1092,37.099998,37.650002,36.34,37.02,117500,37.02,8/20/2019,SLP,-0.008835288,-0.008835288,-0.55558077,D
1093,37.189999,37.990002,37.060001,37.650002,112800,37.650002,8/21/2019,SLP,0.017017882,0.017017882,-0.79825205,D
1094,37.810001,37.939999,37.02,37.150002,100700,37.150002,8/22/2019,SLP,-0.013280212,-0.013280212,-0.451045105,E
1095,37.029999,37.529999,35.610001,35.849998,101100,35.849998,8/23/2019,SLP,-0.034993376,-0.034993376,0.143700996,E
1096,35.91,36.75,35.549999,36.639999,122800,36.639999,8/26/2019,SLP,0.022036291,0.022036291,-0.759212521,D
1097,36.830002,36.830002,35.779999,36,100100,36,8/27/2019,SLP,-0.017467222,-0.017467222,-0.127973291,E
1098,35.84,36.610001,35.299999,36.189999,70900,36.189999,8/28/2019,SLP,0.00527775,0.00527775,0.01667627,E
1099,36.57,36.630001,36.02,36.330002,57600,36.330002,8/29/2019,SLP,0.003868555,0.003868555,-0.850310548,D
1100,36.419998,36.59,35.599998,36.110001,108100,36.110001,8/30/2019,SLP,-0.006055629,-0.006055629,-2.177982569,D
1101,36,36.099998,34.880001,35.27,109000,35.27,9/3/2019,SLP,-0.023262281,-0.023262281,-1.068438921,D
1102,35.330002,36.150002,35.330002,35.77,93000,35.77,9/4/2019,SLP,0.014176354,0.014176354,-1.122364909,D
1103,36.099998,36.849998,35.799999,36.220001,132800,36.220001,9/5/2019,SLP,0.012580403,0.012580403,-0.92388773,D
1104,36.220001,36.259998,34.560001,34.810001,116200,34.810001,9/6/2019,SLP,-0.038928768,-0.038928768,-0.165087409,E
1105,34.68,34.98,31.620001,32.290001,240600,32.290001,9/9/2019,SLP,-0.072392988,-0.072392988,1.631170887,U
1106,32.060001,33.830002,31.530001,33.419998,197900,33.419998,9/10/2019,SLP,0.034995261,0.034995261,1.651827148,U
1107,33.110001,33.84,32,33.84,121600,33.84,9/11/2019,SLP,0.012567386,0.012567386,0.96626588,U
1108,33.84,35.299999,33.73,34.639999,191200,34.639999,9/12/2019,SLP,0.023640632,0.023640632,1.206653533,U
1109,34.759998,35.43,33.860001,34.529999,127200,34.529999,9/13/2019,SLP,-0.00317552,-0.00317552,,
1110,34.259998,35.779999,34.189999,35.060001,111300,35.060001,9/16/2019,SLP,0.01534903,0.01534903,,
1111,34.950001,36.349998,34.639999,36.279999,128800,36.279999,9/17/2019,SLP,0.034797432,0.034797432,,
1112,36.25,36.360001,34.59,35.529999,146300,35.529999,9/18/2019,SLP,-0.020672547,-0.020672547,,
1113,35.560001,36.849998,35.560001,36.779999,116000,36.779999,9/19/2019,SLP,0.035181538,0.035181538,,
,,,,,,,,,,,,
,,,,,,,,,,,,
,,,,,,,,,,range,9.325032442,
,,,,,,,,,,averag,0.212571447,
