"","price.open","price.high","price.low","price.close","volume","price.adjusted","ref.date","ticker","ret.adjusted.prices","ret.closing.prices"
"1",315.799988,317,307.339996,313.480011,9925200,313.480011,2018-03-19,"NFLX",NA,NA
"2",313.26001,319.5,312.799988,317.5,5991900,317.5,2018-03-20,"NFLX",0.0128237490715157,0.0128237490715157
"3",316.350006,319.399994,314.51001,316.480011,5263900,316.480011,2018-03-21,"NFLX",-0.00321256377952761,-0.00321256377952761
"4",313.070007,314.119995,305.660004,306.700012,8063300,306.700012,2018-03-22,"NFLX",-0.0309024224597868,-0.0309024224597868
"5",307.410004,309.369995,300.359985,300.940002,9529900,300.940002,2018-03-23,"NFLX",-0.0187805991999767,-0.0187805991999767
"6",309.359985,321.029999,302,320.350006,11988300,320.350006,2018-03-26,"NFLX",0.0644979194224902,0.0644979194224902
"7",322.48999,322.899994,297,300.690002,12068600,300.690002,2018-03-27,"NFLX",-0.0613703874879903,-0.0613703874879903
"8",298.390015,298.799988,281.609985,285.769989,18972900,285.769989,2018-03-28,"NFLX",-0.0496192520561425,-0.0496192520561425
"9",287,295.350006,275.899994,295.350006,19145500,295.350006,2018-03-29,"NFLX",0.0335235237035334,0.0335235237035334
"10",291.940002,292.869995,275.049988,280.290009,13405800,280.290009,2018-04-02,"NFLX",-0.0509903392383882,-0.0509903392383882
"11",285.450012,291.25,278.01001,283.670013,12694900,283.670013,2018-04-03,"NFLX",0.0120589528398067,0.0120589528398067
"12",273.630005,290.309998,271.220001,288.940002,12914000,288.940002,2018-04-04,"NFLX",0.0185778854249217,0.0185778854249217
"13",293.149994,299.160004,289.109985,293.970001,10655200,293.970001,2018-04-05,"NFLX",0.0174084549220708,0.0174084549220708
"14",289.100006,298.850006,285.649994,288.850006,11444800,288.850006,2018-04-06,"NFLX",-0.0174167261373042,-0.0174167261373042
"15",291.769989,299.549988,289.119995,289.929993,9853600,289.929993,2018-04-09,"NFLX",0.00373891977693086,0.00373891977693086
"16",297.679993,298.950012,291.690002,298.070007,10660500,298.070007,2018-04-10,"NFLX",0.0280757913859568,0.0280757913859568
"17",302.880005,311.640015,301.820007,303.670013,14877400,303.670013,2018-04-11,"NFLX",0.0187875528180868,0.0187875528180868
"18",309.720001,311.130005,306.75,309.25,10249400,309.25,2018-04-12,"NFLX",0.0183751663355711,0.0183751663355711
"19",317.290009,317.48999,308.230011,311.649994,12046600,311.649994,2018-04-13,"NFLX",0.00776069199676632,0.00776069199676632
"20",315.98999,316.100006,304,307.779999,20307900,307.779999,2018-04-16,"NFLX",-0.0124177605471092,-0.0124177605471092
"21",329.660004,338.619995,323.769989,336.059998,33866500,336.059998,2018-04-17,"NFLX",0.0918838101627262,0.0918838101627262
"22",336.299988,338.820007,331.100006,334.519989,11221100,334.519989,2018-04-18,"NFLX",-0.00458254183528262,-0.00458254183528262
"23",332.880005,335.309998,326.769989,332.700012,8438800,332.700012,2018-04-19,"NFLX",-0.00544056277605576,-0.00544056277605576
"24",332.220001,336.51001,326,327.769989,9158700,327.769989,2018-04-20,"NFLX",-0.0148182230904158,-0.0148182230904158
"25",329.149994,331.220001,317.079987,318.690002,8968000,318.690002,2018-04-23,"NFLX",-0.0277023135269411,-0.0277023135269411
"26",319.220001,320.25,302.309998,307.019989,13893200,307.019989,2018-04-24,"NFLX",-0.036618698191856,-0.036618698191856
"27",306.369995,309.980011,292.619995,305.76001,14919700,305.76001,2018-04-25,"NFLX",-0.00410389891584551,-0.00410389891584551
"28",310,316.630005,305.579987,313.980011,9266700,313.980011,2018-04-26,"NFLX",0.0268838328465517,0.0268838328465517
"29",316.25,317.450012,306.5,311.76001,7074400,311.76001,2018-04-27,"NFLX",-0.00707051698268768,-0.00707051698268768
"30",311.070007,317.880005,310.119995,312.459991,6088800,312.459991,2018-04-30,"NFLX",0.00224525589410907,0.00224525589410907
"31",310.359985,313.480011,306.690002,313.299988,6036600,313.299988,2018-05-01,"NFLX",0.00268833458425077,0.00268833458425077
"32",311.649994,317.100006,310.399994,313.359985,5697100,313.359985,2018-05-02,"NFLX",0.000191500166926373,0.000191500166926373
"33",312.589996,312.589996,305.730011,311.690002,6135800,311.690002,2018-05-03,"NFLX",-0.00532927967813124,-0.00532927967813124
"34",308.709991,320.980011,307.670013,320.089996,8209500,320.089996,2018-05-04,"NFLX",0.0269498345988011,0.0269498345988011
"35",321.98999,329.019989,319.339996,326.26001,7117800,326.26001,2018-05-07,"NFLX",0.0192758726517652,0.0192758726517652
"36",325.899994,327.350006,323.049988,326.890015,4735700,326.890015,2018-05-08,"NFLX",0.00193099056179147,0.00193099056179147
"37",328.790009,331.950012,327.51001,330.299988,5633400,330.299988,2018-05-09,"NFLX",0.0104315605969181,0.0104315605969181
"38",331.5,332.059998,327.339996,329.600006,5302300,329.600006,2018-05-10,"NFLX",-0.00211923107911216,-0.00211923107911216
"39",329.649994,331.26001,324.869995,326.459991,4589700,326.459991,2018-05-11,"NFLX",-0.00952674436541123,-0.00952674436541123
"40",327.25,330.5,327.040009,328.529999,4089800,328.529999,2018-05-14,"NFLX",0.00634077086646734,0.00634077086646734
"41",325.940002,326.940002,322.429993,326.130005,4746100,326.130005,2018-05-15,"NFLX",-0.00730525068427612,-0.00730525068427612
"42",326.279999,329.720001,325.140015,328.190002,3671700,328.190002,2018-05-16,"NFLX",0.00631649025976633,0.00631649025976633
"43",327.529999,330.450012,323.170013,325.220001,4935700,325.220001,2018-05-17,"NFLX",-0.0090496388735205,-0.0090496388735205
"44",324.899994,326.420013,322.799988,324.179993,3577700,324.179993,2018-05-18,"NFLX",-0.00319785990038168,-0.00319785990038168
"45",327.109985,331.880005,325.450012,331.820007,6657300,331.820007,2018-05-21,"NFLX",0.0235671977449883,0.0235671977449883
"46",334.049988,336.630005,331.149994,331.619995,5964400,331.619995,2018-05-22,"NFLX",-0.000602772574831434,-0.000602772574831434
"47",329.040009,345,328.089996,344.720001,10049100,344.720001,2018-05-23,"NFLX",0.0395030643432703,0.0395030643432703
"48",344.339996,354,341.119995,349.290009,14758600,349.290009,2018-05-24,"NFLX",0.0132571593952855,0.0132571593952855
"49",349.899994,354.359985,348.829987,351.290009,7817400,351.290009,2018-05-25,"NFLX",0.005725900966151,0.005725900966151
"50",351.5,356.100006,346.709991,349.730011,9717900,349.730011,2018-05-29,"NFLX",-0.00444076962063555,-0.00444076962063555
"51",352.369995,354,349.26001,353.540009,5685500,353.540009,2018-05-30,"NFLX",0.0108941122584987,0.0108941122584987
"52",353.799988,355.529999,350.209991,351.600006,6921700,351.600006,2018-05-31,"NFLX",-0.00548736479779854,-0.00548736479779854
"53",353.880005,359.98999,352.820007,359.929993,7112300,359.929993,2018-06-01,"NFLX",0.0236916577299491,0.0236916577299491
"54",362.679993,363,355.51001,361.809998,7682000,361.809998,2018-06-04,"NFLX",0.00522325184497752,0.00522325184497752
"55",363.320007,369.829987,361.410004,365.799988,8358000,365.799988,2018-06-05,"NFLX",0.01102785998744,0.01102785998744
"56",367.779999,369.679993,363.329987,367.450012,7712300,367.450012,2018-06-06,"NFLX",0.00451072732129232,0.00451072732129232
"57",368.540009,368.700012,357.799988,361.399994,8278000,361.399994,2018-06-07,"NFLX",-0.0164648735948334,-0.0164648735948334
"58",358.059998,362.390015,356.25,360.570007,5225700,360.570007,2018-06-08,"NFLX",-0.00229658830597546,-0.00229658830597546
"59",361.880005,365.670013,360.910004,361.450012,4432400,361.450012,2018-06-11,"NFLX",0.00244059401202512,0.00244059401202512
"60",363.600006,365.980011,362,363.829987,4291000,363.829987,2018-06-12,"NFLX",0.00658452046198854,0.00658452046198854
"61",367.529999,384.25,364.109985,379.929993,18222800,379.929993,2018-06-13,"NFLX",0.0442514541826373,0.0442514541826373
"62",384.269989,395.029999,383.25,392.869995,14598300,392.869995,2018-06-14,"NFLX",0.0340589114795156,0.0340589114795156
"63",390.709991,398.859985,387.51001,391.980011,13588100,391.980011,2018-06-15,"NFLX",-0.00226533970862297,-0.00226533970862297
"64",387.720001,393.160004,386.5,390.399994,6824800,390.399994,2018-06-18,"NFLX",-0.00403086115531537,-0.00403086115531537
"65",389.5,405.290009,388.5,404.980011,16697100,404.980011,2018-06-19,"NFLX",0.0373463555944624,0.0373463555944624
"66",415.149994,419.470001,409.600006,416.76001,16494600,416.76001,2018-06-20,"NFLX",0.0290878529310921,0.0290878529310921
"67",421.380005,423.209991,406.369995,415.440002,18389900,415.440002,2018-06-21,"NFLX",-0.00316730964662382,-0.00316730964662382
"68",419.980011,420.5,409.649994,411.089996,10428600,411.089996,2018-06-22,"NFLX",-0.0104708405041843,-0.0104708405041843
"69",404.690002,405.98999,378.75,384.480011,22490900,384.480011,2018-06-25,"NFLX",-0.0647303151595059,-0.0647303151595059
"70",393.279999,404.779999,389.049988,399.390015,15191200,399.390015,2018-06-26,"NFLX",0.0387796597311272,0.0387796597311272
"71",407.559998,411.589996,390,390.390015,16541400,390.390015,2018-06-27,"NFLX",-0.0225343640601531,-0.0225343640601531
"72",395,396.899994,387.100006,395.420013,12219900,395.420013,2018-06-28,"NFLX",0.0128845457279434,0.0128845457279434
"73",399.190002,401.329987,390.549988,391.429993,9252500,391.429993,2018-06-29,"NFLX",-0.0100905868919688,-0.0100905868919688
"74",385.450012,398.380005,380,398.179993,8142500,398.179993,2018-07-02,"NFLX",0.0172444629198356,0.0172444629198356
"75",399.48999,399.980011,389.5,390.519989,5280300,390.519989,2018-07-03,"NFLX",-0.0192375411488844,-0.0192375411488844
"76",393.799988,399.23999,390.859985,398.390015,8448900,398.390015,2018-07-05,"NFLX",0.0201526841690043,0.0201526841690043
"77",397.450012,408.649994,395.519989,408.25,8629600,408.25,2018-07-06,"NFLX",0.0247495786258598,0.0247495786258598
"78",415.950012,419.119995,411.100006,418.970001,11127500,418.970001,2018-07-09,"NFLX",0.0262584225352114,0.0262584225352114
"79",417.23999,419.440002,413.079987,415.630005,9382900,415.630005,2018-07-10,"NFLX",-0.0079719215982722,-0.0079719215982722
"80",411.339996,419.769989,410.600006,418.649994,9713900,418.649994,2018-07-11,"NFLX",0.00726605144881209,0.00726605144881209
"81",415.160004,416.790009,407.799988,413.5,12743300,413.5,2018-07-12,"NFLX",-0.0123014309657437,-0.0123014309657437
"82",409.190002,410,395.079987,395.799988,15719000,395.799988,2018-07-13,"NFLX",-0.0428053494558646,-0.0428053494558646
"83",398.980011,403.359985,391.75,400.480011,22960000,400.480011,2018-07-16,"NFLX",0.011824212081583,0.011824212081583
"84",346.950012,385,344,379.480011,58410400,379.480011,2018-07-17,"NFLX",-0.0524370740690976,-0.0524370740690976
"85",381.23999,383.130005,372.359985,375.130005,21746300,375.130005,2018-07-18,"NFLX",-0.0114630701852699,-0.0114630701852699
"86",371.059998,375.75,363,364.230011,16878700,364.230011,2018-07-19,"NFLX",-0.0290565773324371,-0.0290565773324371
"87",364.920013,370.5,360.140015,361.049988,15096700,361.049988,2018-07-20,"NFLX",-0.00873080993866815,-0.00873080993866815
"88",359.149994,363.899994,353.600006,362.660004,11505200,362.660004,2018-07-23,"NFLX",0.00445926063844659,0.00445926063844659
"89",366.940002,367.399994,354.559998,357.320007,12851500,357.320007,2018-07-24,"NFLX",-0.014724526942872,-0.014724526942872
"90",357.570007,363.279999,355.649994,362.869995,8467800,362.869995,2018-07-25,"NFLX",0.0155322620935694,0.0155322620935694
"91",358.190002,365.540009,356.630005,363.089996,6993700,363.089996,2018-07-26,"NFLX",0.000606280494478417,0.000606280494478417
"92",366.850006,367,351.649994,355.209991,8949500,355.209991,2018-07-27,"NFLX",-0.0217026221785521,-0.0217026221785521
"93",351.929993,352.029999,334.019989,334.959991,18260700,334.959991,2018-07-30,"NFLX",-0.0570085316096867,-0.0570085316096867
"94",331.51001,342.5,328,337.450012,14085400,337.450012,2018-07-31,"NFLX",0.00743378632345371,0.00743378632345371
"95",335.869995,344.410004,334.019989,338.380005,7790500,338.380005,2018-08-01,"NFLX",0.00275594300467819,0.00275594300467819
"96",337.230011,345,334.709991,344.5,7131300,344.5,2018-08-02,"NFLX",0.0180861602623359,0.0180861602623359
"97",347.75,347.859985,338.480011,343.089996,8848400,343.089996,2018-08-03,"NFLX",-0.00409289985486216,-0.00409289985486216
"98",342.869995,351.980011,341.73999,350.920013,8198100,350.920013,2018-08-06,"NFLX",0.022822049874051,0.022822049874051
"99",353.230011,357.309998,349.01001,351.829987,7970900,351.829987,2018-08-07,"NFLX",0.00259310944457325,0.00259310944457325
"100",352.209991,352.290009,346.609985,347.609985,5394700,347.609985,2018-08-08,"NFLX",-0.0119944352554577,-0.0119944352554577
"101",347.959991,352.440002,345.820007,349.359985,4820300,349.359985,2018-08-09,"NFLX",0.00503437782433092,0.00503437782433092
"102",346.910004,349.100006,344.420013,345.869995,4328400,345.869995,2018-08-10,"NFLX",-0.00998966724823958,-0.00998966724823958
"103",339.890015,347.190002,339.070007,341.309998,6888900,341.309998,2018-08-13,"NFLX",-0.0131841358485,-0.0131841358485
"104",342.089996,342.410004,336.25,337.48999,5805200,337.48999,2018-08-14,"NFLX",-0.0111921948445238,-0.0111921948445238
"105",334.029999,335.5,321,326.399994,11784500,326.399994,2018-08-15,"NFLX",-0.0328602220172515,-0.0328602220172515
"106",329.899994,331.170013,321.209991,322.440002,6689700,322.440002,2018-08-16,"NFLX",-0.0121323286543933,-0.0121323286543933
"107",319.01001,324.369995,312.959991,316.779999,10407900,316.779999,2018-08-17,"NFLX",-0.0175536625880557,-0.0175536625880557
"108",314.640015,331.600006,310.929993,327.730011,13591100,327.730011,2018-08-20,"NFLX",0.0345666141630363,0.0345666141630363
"109",331,341.5,329.700012,338.019989,14783200,338.019989,2018-08-21,"NFLX",0.0313977287847467,0.0313977287847467
"110",338.48999,346.209991,337.410004,344.440002,8930700,344.440002,2018-08-22,"NFLX",0.0189929980738506,0.0189929980738506
"111",348.109985,350.079987,337.649994,339.170013,11336400,339.170013,2018-08-23,"NFLX",-0.0153001653971655,-0.0153001653971655
"112",346,359.149994,344.540009,358.820007,14729100,358.820007,2018-08-24,"NFLX",0.0579355286341308,0.0579355286341308
"113",367.149994,374.48999,360,364.579987,17427300,364.579987,2018-08-27,"NFLX",0.0160525608595734,0.0160525608595734
"114",367.230011,369.98999,360.380005,368.48999,9222600,368.48999,2018-08-28,"NFLX",0.0107246780937538,0.0107246780937538
"115",367.200012,369.859985,362.910004,368.040009,8118700,368.040009,2018-08-29,"NFLX",-0.00122114850392541,-0.00122114850392541
"116",365,376.809998,363.540009,370.980011,10981000,370.980011,2018-08-30,"NFLX",0.00798826738426683,0.00798826738426683
"117",370.660004,376,367.079987,367.679993,7943400,367.679993,2018-08-31,"NFLX",-0.00889540649671272,-0.00889540649671272
"118",366.470001,368.880005,361.26001,363.600006,7605200,363.600006,2018-09-04,"NFLX",-0.0110965705985531,-0.0110965705985531
"119",360,363.390015,335.829987,341.179993,13092800,341.179993,2018-09-05,"NFLX",-0.0616612008526755,-0.0616612008526755
"120",347.440002,356,341.98999,346.459991,13050200,346.459991,2018-09-06,"NFLX",0.0154756964310037,0.0154756964310037
"121",342.200012,355.75,341.25,348.679993,9105800,348.679993,2018-09-07,"NFLX",0.00640767204776616,0.00640767204776616
"122",352.269989,352.5,343.079987,348.410004,5752200,348.410004,2018-09-10,"NFLX",-0.000774317441264882,-0.000774317441264882
"123",344.670013,356.149994,343.899994,355.929993,6198100,355.929993,2018-09-11,"NFLX",0.0215837344326084,0.0215837344326084
"124",359.079987,370.429993,356.23999,369.950012,10480800,369.950012,2018-09-12,"NFLX",0.0393898218068967,0.0393898218068967
"125",371.910004,374.089996,366.839996,368.149994,8366100,368.149994,2018-09-13,"NFLX",-0.00486557086528772,-0.00486557086528772
"126",368.549988,371.089996,363.459991,364.559998,4756400,364.559998,2018-09-14,"NFLX",-0.00975144929650595,-0.00975144929650595
"127",364.220001,367.329987,349.570007,350.350006,7071900,350.350006,2018-09-17,"NFLX",-0.0389784728932328,-0.0389784728932328
"128",353.670013,368.149994,351.559998,367.649994,10414000,367.649994,2018-09-18,"NFLX",0.0493791571392181,0.0493791571392181
"129",373.950012,377.609985,359.170013,366.959991,11876800,366.959991,2018-09-19,"NFLX",-0.00187679317628386,-0.00187679317628386
"130",370.26001,370.26001,363.170013,365.359985,6768100,365.359985,2018-09-20,"NFLX",-0.00436016470253298,-0.00436016470253298
"131",366.589996,372.220001,360.73999,361.190002,11930600,361.190002,2018-09-21,"NFLX",-0.011413354420846,-0.011413354420846
"132",359,373.640015,354.329987,369.609985,9322500,369.609985,2018-09-24,"NFLX",0.0233117831428789,0.0233117831428789
"133",370.230011,371.339996,364.48999,369.429993,6799800,369.429993,2018-09-25,"NFLX",-0.000486978185938236,-0.000486978185938236
"134",373.589996,382,370.880005,377.880005,13799700,377.880005,2018-09-26,"NFLX",0.0228731076526316,0.0228731076526316
"135",379.869995,383.200012,376,380.709991,7326200,380.709991,2018-09-27,"NFLX",0.00748911284681508,0.00748911284681508
"136",379.23999,380.799988,373.730011,374.130005,7114900,374.130005,2018-09-28,"NFLX",-0.0172834602599121,-0.0172834602599121
"137",375.850006,386.109985,375.589996,381.429993,8376600,381.429993,2018-10-01,"NFLX",0.0195119020191925,0.0195119020191925
"138",384.380005,386.799988,373.829987,377.140015,8638700,377.140015,2018-10-02,"NFLX",-0.0112470914158028,-0.0112470914158028
"139",378.529999,380.929993,374.880005,377.049988,5798600,377.049988,2018-10-03,"NFLX",-0.000238709753458632,-0.000238709753458632
"140",375.880005,375.920013,360.399994,363.649994,9074400,363.649994,2018-10-04,"NFLX",-0.0355390383940285,-0.0355390383940285
"141",359.769989,363.5,343,351.350006,13523000,351.350006,2018-10-05,"NFLX",-0.0338236991693721,-0.0338236991693721
"142",345.179993,352.950012,338.109985,349.100006,12375500,349.100006,2018-10-08,"NFLX",-0.00640387067475956,-0.00640387067475956
"143",348.480011,358.720001,347.089996,355.709991,8755000,355.709991,2018-10-09,"NFLX",0.0189343594568714,0.0189343594568714
"144",353.519989,355.149994,325.390015,325.890015,17183100,325.890015,2018-10-10,"NFLX",-0.0838322699797319,-0.0838322699797319
"145",324.940002,334.200012,315.809998,321.100006,16082100,321.100006,2018-10-11,"NFLX",-0.0146982379929621,-0.0146982379929621
"146",339.570007,341.299988,328.899994,339.559998,14870800,339.559998,2018-10-12,"NFLX",0.0574898525539111,0.0574898525539111
"147",337.630005,339.209991,326.929993,333.130005,11215000,333.130005,2018-10-15,"NFLX",-0.0189362499642848,-0.0189362499642848
"148",337.23999,347.950012,330.559998,346.399994,20156400,346.399994,2018-10-16,"NFLX",0.0398342653043218,0.0398342653043218
"149",378.329987,380,356.5,364.700012,32610900,364.700012,2018-10-17,"NFLX",0.0528291521852626,0.0528291521852626
"150",360.670013,362.200012,346.049988,346.709991,18461000,346.709991,2018-10-18,"NFLX",-0.0493282709296977,-0.0493282709296977
"151",351,355.799988,332.200012,332.670013,16717200,332.670013,2018-10-19,"NFLX",-0.0404948757303045,-0.0404948757303045
"152",333.100006,335.799988,320.339996,329.540009,17097200,329.540009,2018-10-22,"NFLX",-0.00940873501574058,-0.00940873501574058
"153",318,336.579987,316.769989,333.160004,14907300,333.160004,2018-10-23,"NFLX",0.0109849939343785,0.0109849939343785
"154",332.279999,333,300.730011,301.829987,19039300,301.829987,2018-10-24,"NFLX",-0.0940389501255979,-0.0940389501255979
"155",307.119995,319.940002,305.25,312.869995,13346900,312.869995,2018-10-25,"NFLX",0.0365769091061188,0.0365769091061188
"156",300.51001,313.98999,292.299988,299.829987,19616000,299.829987,2018-10-26,"NFLX",-0.0416786787112647,-0.0416786787112647
"157",305.26001,307.890015,275.399994,284.839996,21698800,284.839996,2018-10-29,"NFLX",-0.0499949693157277,-0.0499949693157277
"158",275.570007,290.519989,271.209991,285.809998,23685700,285.809998,2018-10-30,"NFLX",0.00340542765630425,0.00340542765630425
"159",297.769989,311.5,295.049988,301.779999,20360300,301.779999,2018-10-31,"NFLX",0.0558762853355466,0.0558762853355466
"160",304.589996,318.450012,296.670013,317.380005,15121500,317.380005,2018-11-01,"NFLX",0.0516933065534273,0.0516933065534273
"161",318,321.880005,308.329987,309.100006,13404600,309.100006,2018-11-02,"NFLX",-0.0260885968541086,-0.0260885968541086
"162",311.100006,317.529999,303.73999,315.440002,10283000,315.440002,2018-11-05,"NFLX",0.0205111480974867,0.0205111480974867
"163",314.76001,320.220001,305.299988,310.839996,9710400,310.839996,2018-11-06,"NFLX",-0.0145828238994242,-0.0145828238994242
"164",312.899994,328.559998,311,327.5,13328300,327.5,2018-11-07,"NFLX",0.0535967192587405,0.0535967192587405
"165",328,332.049988,316.609985,317.920013,11023900,317.920013,2018-11-08,"NFLX",-0.0292518687022901,-0.0292518687022901
"166",311.070007,312.980011,298.01001,303.470001,13480800,303.470001,2018-11-09,"NFLX",-0.0454517218455196,-0.0454517218455196
"167",300,302.48999,290.630005,294.070007,10924800,294.070007,2018-11-12,"NFLX",-0.030975035321531,-0.030975035321531
"168",295,303.549988,289.100006,294.399994,12232200,294.399994,2018-11-13,"NFLX",0.0011221375595778,0.0011221375595778
"169",300.399994,301.839996,278.299988,286.730011,16853600,286.730011,2018-11-14,"NFLX",-0.0260529319168397,-0.0260529319168397
"170",285.51001,292.5,282.160004,290.059998,9967100,290.059998,2018-11-15,"NFLX",0.0116136674650356,0.0116136674650356
"171",287.140015,291.720001,281,286.209991,9099500,286.209991,2018-11-16,"NFLX",-0.0132731401315117,-0.0132731401315117
"172",283.790009,285.089996,269.149994,270.600006,12993800,270.600006,2018-11-19,"NFLX",-0.054540321759767,-0.054540321759767
"173",254.630005,276.339996,250,266.980011,16693800,266.980011,2018-11-20,"NFLX",-0.0133776604572582,-0.0133776604572582
"174",274.420013,275.339996,261.51001,262.130005,11023000,262.130005,2018-11-21,"NFLX",-0.0181661764932657,-0.0181661764932657
"175",260.109985,265.5,256.839996,258.820007,5245100,258.820007,2018-11-23,"NFLX",-0.0126273144503241,-0.0126273144503241
"176",260.549988,266.25,253.800003,261.429993,12498600,261.429993,2018-11-26,"NFLX",0.0100841740569153,0.0100841740569153
"177",259.23999,269.079987,256.140015,266.630005,11149500,266.630005,2018-11-27,"NFLX",0.0198906481246777,0.0198906481246777
"178",271.980011,284,263.339996,282.649994,14801300,282.649994,2018-11-28,"NFLX",0.0600832190660612,0.0600832190660612
"179",282.320007,290.48999,275.5,288.75,15431500,288.75,2018-11-29,"NFLX",0.0215814828568508,0.0215814828568508
"180",288,290.809998,283.059998,286.130005,11860100,286.130005,2018-11-30,"NFLX",-0.00907357575757584,-0.00907357575757584
"181",293.190002,298.720001,284.579987,290.299988,14117400,290.299988,2018-12-03,"NFLX",0.0145737354598656,0.0145737354598656
"182",288.130005,295.73999,274.720001,275.329987,12800600,275.329987,2018-12-04,"NFLX",-0.051567349703094,-0.051567349703094
"183",268.329987,283.220001,267.140015,282.880005,13074300,282.880005,2018-12-06,"NFLX",0.027421706158,0.027421706158
"184",282.480011,284.209991,263.380005,265.140015,12466700,265.140015,2018-12-07,"NFLX",-0.0627120676132623,-0.0627120676132623
"185",264.190002,271.179993,260.609985,269.700012,9605600,269.700012,2018-12-10,"NFLX",0.0171984489025545,0.0171984489025545
"186",274.079987,274.5,262.76001,265.320007,9843200,265.320007,2018-12-11,"NFLX",-0.0162402847798169,-0.0162402847798169
"187",267.660004,281.769989,266.480011,274.880005,11456700,274.880005,2018-12-12,"NFLX",0.0360319529163891,0.0360319529163891
"188",277.640015,279.320007,271.850006,276.019989,8379300,276.019989,2018-12-13,"NFLX",0.00414720597811402,0.00414720597811402
"189",271.809998,277.670013,265,266.839996,9915300,266.839996,2018-12-14,"NFLX",-0.0332584354968583,-0.0332584354968583
"190",266.51001,272.980011,261.079987,262.799988,9634700,262.799988,2018-12-17,"NFLX",-0.0151401891041851,-0.0151401891041851
"191",263.299988,275.75,263.290009,270.940002,10350100,270.940002,2018-12-18,"NFLX",0.0309741794965379,0.0309741794965379
"192",269.959991,280.869995,263.769989,266.769989,13788400,266.769989,2018-12-19,"NFLX",-0.01539090931283,-0.01539090931283
"193",264.640015,269.899994,251.880005,260.579987,16792900,260.579987,2018-12-20,"NFLX",-0.023203517094271,-0.023203517094271
"194",263.829987,264.5,241.289993,246.389999,21397600,246.389999,2018-12-21,"NFLX",-0.0544554022101476,-0.0544554022101476
"195",242,250.649994,233.679993,233.880005,9547600,233.880005,2018-12-24,"NFLX",-0.0507731403497428,-0.0507731403497428
"196",233.919998,254.5,231.229996,253.669998,14402700,253.669998,2018-12-26,"NFLX",0.0846160106760729,0.0846160106760729
"197",250.110001,255.589996,240.100006,255.570007,12235200,255.570007,2018-12-27,"NFLX",0.00749008166113518,0.00749008166113518
"198",257.940002,261.910004,249.800003,256.079987,10992800,256.079987,2018-12-28,"NFLX",0.00199546107145521,0.00199546107145521
"199",260.160004,270.100006,260,267.660004,13508900,267.660004,2018-12-31,"NFLX",0.045220312354983,0.045220312354983
"200",259.279999,269.75,256.579987,267.660004,11679500,267.660004,2019-01-02,"NFLX",0,0
"201",270.200012,275.790009,264.429993,271.200012,14969600,271.200012,2019-01-03,"NFLX",0.0132257638313418,0.0132257638313418
"202",281.880005,297.799988,278.540009,297.570007,19330100,297.570007,2019-01-04,"NFLX",0.0972344905353468,0.0972344905353468
"203",302.100006,316.799988,301.649994,315.339996,18620100,315.339996,2019-01-07,"NFLX",0.0597170029975502,0.0597170029975502
"204",319.980011,320.589996,308.01001,320.269989,15359200,320.269989,2019-01-08,"NFLX",0.0156338969446808,0.0156338969446808
"205",317.709991,323.350006,313.5,319.959991,13343200,319.959991,2019-01-09,"NFLX",-0.000967927094786325,-0.000967927094786325
"206",314.570007,325.369995,312.5,324.660004,13472500,324.660004,2019-01-10,"NFLX",0.0146893772102901,0.0146893772102901
"207",330.959991,341.089996,328.519989,337.589996,19500400,337.589996,2019-01-11,"NFLX",0.0398262546685608,0.0398262546685608
"208",334.23999,335.480011,329.130005,332.940002,10499600,332.940002,2019-01-14,"NFLX",-0.0137740870733621,-0.0137740870733621
"209",349.600006,357.220001,347,354.640015,21181200,354.640015,2019-01-15,"NFLX",0.0651769474068784,0.0651769474068784
"210",354,358.850006,348.109985,351.390015,15385500,351.390015,2019-01-16,"NFLX",-0.00916422248628657,-0.00916422248628657
"211",349.5,355.790009,346.410004,353.190002,18871200,353.190002,2019-01-17,"NFLX",0.00512247623200102,0.00512247623200102
"212",351.970001,353,336.730011,339.100006,26621000,339.100006,2019-01-18,"NFLX",-0.0398935301685012,-0.0398935301685012
"213",334.890015,336.880005,321.029999,325.160004,17941400,325.160004,2019-01-22,"NFLX",-0.041108822628567,-0.041108822628567
"214",328.25,331.75,318.600006,321.98999,13480100,321.98999,2019-01-23,"NFLX",-0.00974908955899767,-0.00974908955899767
"215",320.600006,331.799988,319,326.670013,11131600,326.670013,2019-01-24,"NFLX",0.0145346847583678,0.0145346847583678
"216",328.720001,340,328.51001,338.049988,11152900,338.049988,2019-01-25,"NFLX",0.0348363013044604,0.0348363013044604
"217",334.700012,336.299988,328.880005,335.660004,8652100,335.660004,2019-01-28,"NFLX",-0.0070699129857682,-0.0070699129857682
"218",335.869995,338.220001,328.149994,328.899994,7655200,328.899994,2019-01-29,"NFLX",-0.0201394563529828,-0.0201394563529828
"219",332.75,341.779999,330.799988,340.660004,9234500,340.660004,2019-01-30,"NFLX",0.035755579855681,0.035755579855681
"220",339.679993,345.98999,338.089996,339.5,8535500,339.5,2019-01-31,"NFLX",-0.00340516640163024,-0.00340516640163024
"221",337.179993,346.839996,336.5,339.850006,9827800,339.850006,2019-02-01,"NFLX",0.00103094550810012,0.00103094550810012
"222",342.600006,352,341.299988,351.339996,9051400,351.339996,2019-02-04,"NFLX",0.0338090033754479,0.0338090033754479
"223",353.200012,360,352.899994,355.809998,9046600,355.809998,2019-02-05,"NFLX",0.0127227245713295,0.0127227245713295
"224",357,357.040009,347.190002,352.190002,6717700,352.190002,2019-02-06,"NFLX",-0.0101739580684858,-0.0101739580684858
"225",347.899994,348.75,339.019989,344.709991,7864500,344.709991,2019-02-07,"NFLX",-0.0212385671300231,-0.0212385671300231
"226",338,348,338,347.570007,7561400,347.570007,2019-02-08,"NFLX",0.00829687585121364,0.00829687585121364
"227",350,352.869995,344.809998,345.730011,5454900,345.730011,2019-02-11,"NFLX",-0.00529388601704051,-0.00529388601704051
"228",348.089996,360,346.519989,359.970001,10429400,359.970001,2019-02-12,"NFLX",0.0411881802184655,0.0411881802184655
"229",357.299988,359.600006,350.279999,351.769989,10559100,351.769989,2019-02-13,"NFLX",-0.0227797093569473,-0.0227797093569473
"230",351.75,360.450012,348.329987,359.070007,9295300,359.070007,2019-02-14,"NFLX",0.0207522478559135,0.0207522478559135
"231",358.470001,364.399994,355.5,356.869995,9230000,356.869995,2019-02-15,"NFLX",-0.00612697233717985,-0.00612697233717985
"232",355.799988,365,355.320007,361.920013,7396600,361.920013,2019-02-19,"NFLX",0.0141508618565704,0.0141508618565704
"233",364.850006,366.709991,356.700012,359.910004,8110700,359.910004,2019-02-20,"NFLX",-0.00555373819573768,-0.00555373819573768
"234",360.029999,362.850006,353.880005,356.970001,6227900,356.970001,2019-02-21,"NFLX",-0.00816871708850853,-0.00816871708850853
"235",360.339996,366.130005,360.049988,363.019989,7088200,363.019989,2019-02-22,"NFLX",0.0169481692664701,0.0169481692664701
"236",367.01001,371.48999,363.790009,363.910004,7569300,363.910004,2019-02-25,"NFLX",0.00245169695049485,0.00245169695049485
"237",362.980011,365.700012,359.329987,364.970001,4944600,364.970001,2019-02-26,"NFLX",0.0029127998360825,0.0029127998360825
"238",363.5,368.029999,359.799988,362.869995,5629900,362.869995,2019-02-27,"NFLX",-0.00575391400456504,-0.00575391400456504
"239",362.470001,366.390015,357.709991,358.100006,6186800,358.100006,2019-02-28,"NFLX",-0.0131451733836522,-0.0131451733836522
"240",362.26001,362.869995,354.690002,357.320007,5526500,357.320007,2019-03-01,"NFLX",-0.00217815969542323,-0.00217815969542323
"241",359.720001,362.25,348.040009,351.040009,7487000,351.040009,2019-03-04,"NFLX",-0.0175752767182723,-0.0175752767182723
"242",351.459991,356.170013,348.25,354.299988,5937800,354.299988,2019-03-05,"NFLX",0.00928663091505322,0.00928663091505322
"243",353.600006,359.880005,351.700012,359.609985,6211900,359.609985,2019-03-06,"NFLX",0.0149872909394511,0.0149872909394511
"244",360.160004,362.859985,350.5,352.600006,6151300,352.600006,2019-03-07,"NFLX",-0.0194932824237347,-0.0194932824237347
"245",345.75,349.920013,342.470001,349.600006,6898800,349.600006,2019-03-08,"NFLX",-0.00850822447235011,-0.00850822447235011
"246",352,358.980011,350.029999,358.859985,5387300,358.859985,2019-03-11,"NFLX",0.0264873536644046,0.0264873536644046
"247",359.369995,360.130005,353.799988,356.269989,5164600,356.269989,2019-03-12,"NFLX",-0.00721728838059221,-0.00721728838059221
"248",355.809998,362.480011,352.769989,361.209991,6444100,361.209991,2019-03-13,"NFLX",0.0138658942726719,0.0138658942726719
"249",360.5,363.839996,358.100006,358.820007,5271400,358.820007,2019-03-14,"NFLX",-0.00661660546371767,-0.00661660546371767
"250",361.019989,364,358.890015,361.459991,8444500,361.459991,2019-03-15,"NFLX",0.00735740468340174,0.00735740468340174
"251",362.470001,370.970001,361.859985,363.440002,7194700,363.440002,2019-03-18,"NFLX",0.00547781510900336,0.00547781510900336
"252",366.399994,366.959991,356.799988,358.779999,7541400,358.779999,2019-03-19,"NFLX",-0.0128219320227717,-0.0128219320227717
"253",358.910004,375.899994,357.01001,375.220001,10917200,375.220001,2019-03-20,"NFLX",0.0458219578734098,0.0458219578734098
"254",374,379,370.609985,377.869995,8544000,377.869995,2019-03-21,"NFLX",0.0070625073102113,0.0070625073102113
"255",375.950012,376.429993,360.040009,361.01001,8661300,361.01001,2019-03-22,"NFLX",-0.0446184804908895,-0.0446184804908895
"256",359,367.040009,357.440002,366.230011,8473800,366.230011,2019-03-25,"NFLX",0.0144594356261756,0.0144594356261756
"257",367.869995,368.380005,358.019989,359.970001,7666500,359.970001,2019-03-26,"NFLX",-0.0170931103731965,-0.0170931103731965
"258",361,362.470001,350.369995,353.369995,7852400,353.369995,2019-03-27,"NFLX",-0.0183348778555578,-0.0183348778555578
"259",354.48999,355.940002,349.200012,354.609985,4361000,354.609985,2019-03-28,"NFLX",0.00350904156421095,0.00350904156421095
"260",357.160004,358.25,353.709991,356.559998,4705600,356.559998,2019-03-29,"NFLX",0.0054990357928022,0.0054990357928022
"261",359,368.329987,358.51001,366.959991,7036100,366.959991,2019-04-01,"NFLX",0.0291675820572559,0.0291675820572559
"262",366.25,368.420013,362.220001,367.720001,5158700,367.720001,2019-04-02,"NFLX",0.0020710977181162,0.0020710977181162
"263",369.26001,373.410004,366.190002,369.75,5368900,369.75,2019-04-03,"NFLX",0.00552050199738785,0.00552050199738785
"264",370.070007,372.049988,362.399994,367.880005,4627300,367.880005,2019-04-04,"NFLX",-0.0050574577417174,-0.0050574577417174
"265",369,369.799988,364.660004,365.48999,3905500,365.48999,2019-04-05,"NFLX",-0.00649672438707294,-0.00649672438707294
"266",365.109985,365.940002,359.929993,361.410004,4653800,361.410004,2019-04-08,"NFLX",-0.0111630581182264,-0.0111630581182264
"267",360.540009,366.73999,359,364.709991,5439200,364.709991,2019-04-09,"NFLX",0.00913086788820605,0.00913086788820605
"268",365.790009,368.850006,362.25,363.920013,4545600,363.920013,2019-04-10,"NFLX",-0.00216604430779088,-0.00216604430779088
"269",365,370.119995,360.809998,367.649994,6526900,367.649994,2019-04-11,"NFLX",0.01024945281039,0.01024945281039
"270",360.690002,361.75,349.359985,351.140015,15646200,351.140015,2019-04-12,"NFLX",-0.0449067843586038,-0.0449067843586038
"271",350.709991,352.209991,342.269989,348.869995,8842300,348.869995,2019-04-15,"NFLX",-0.00646471465235876,-0.00646471465235876
"272",355,364.480011,352.720001,359.459991,18740200,359.459991,2019-04-16,"NFLX",0.0303551355856786,0.0303551355856786
"273",365.049988,368.76001,350.600006,354.73999,18054100,354.73999,2019-04-17,"NFLX",-0.0131308104328084,-0.0131308104328084
"274",355,360.410004,351.640015,360.350006,8353200,360.350006,2019-04-18,"NFLX",0.0158144448276047,0.0158144448276047
"275",359.700012,377.690002,359,377.339996,11980500,377.339996,2019-04-22,"NFLX",0.0471485769865645,0.0471485769865645
"276",375.450012,384.799988,374.709991,381.890015,10089800,381.890015,2019-04-23,"NFLX",0.0120581413267413,0.0120581413267413
"277",381.070007,381.899994,373.269989,374.230011,6541900,374.230011,2019-04-24,"NFLX",-0.0200581416091752,-0.0200581416091752
"278",374.48999,374.76001,365.700012,368.329987,6255500,368.329987,2019-04-25,"NFLX",-0.0157657692503982,-0.0157657692503982
"279",368.350006,375.140015,366.23999,374.850006,5621900,374.850006,2019-04-26,"NFLX",0.0177015698697374,0.0177015698697374
"280",373.679993,374.579987,369.119995,371.829987,3821700,371.829987,2019-04-29,"NFLX",-0.00805660651369977,-0.00805660651369977
"281",369.559998,374.5,368.350006,370.540009,3870100,370.540009,2019-04-30,"NFLX",-0.00346926833526207,-0.00346926833526207
"282",374,385.98999,373.170013,378.809998,9257300,378.809998,2019-05-01,"NFLX",0.0223187477711753,0.0223187477711753
"283",378,383.5,374.51001,379.059998,5398200,379.059998,2019-05-02,"NFLX",0.000659961461735303,0.000659961461735303
"284",381.529999,385.029999,378.269989,385.029999,5130300,385.029999,2019-05-03,"NFLX",0.0157494882907692,0.0157494882907692
"285",377.690002,381.350006,376,378.670013,5793100,378.670013,2019-05-06,"NFLX",-0.0165181570696261,-0.0165181570696261
"286",377,379.910004,365.809998,370.459991,6974900,370.459991,2019-05-07,"NFLX",-0.0216812045267497,-0.0216812045267497
"287",367.920013,369,361.359985,364.369995,6572000,364.369995,2019-05-08,"NFLX",-0.0164390113587192,-0.0164390113587192
"288",360.899994,364.200012,352.75,362.75,5882600,362.75,2019-05-09,"NFLX",-0.00444601647289866,-0.00444601647289866
"289",361.619995,365.26001,353.059998,361.040009,5657100,361.040009,2019-05-10,"NFLX",-0.00471396554100623,-0.00471396554100623
"290",352.290009,354.26001,343.100006,345.26001,8026700,345.26001,2019-05-13,"NFLX",-0.0437070646095623,-0.0437070646095623
"291",348.709991,349.950012,342.5,345.609985,5353000,345.609985,2019-05-14,"NFLX",0.00101365634554651,0.00101365634554651
"292",343.339996,356.5,341.390015,354.98999,6340100,354.98999,2019-05-15,"NFLX",0.0271404340357817,0.0271404340357817
"293",356.369995,364,353.940002,359.309998,6441500,359.309998,2019-05-16,"NFLX",0.0121693797619478,0.0121693797619478
"294",356.390015,359.619995,353.790009,354.450012,4725400,354.450012,2019-05-17,"NFLX",-0.0135258858007062,-0.0135258858007062
"295",351.230011,352.420013,345.399994,348.109985,4621500,348.109985,2019-05-20,"NFLX",-0.017886942545794,-0.017886942545794
"296",350.950012,356.429993,349.929993,354.269989,4026400,354.269989,2019-05-21,"NFLX",0.0176955682555329,0.0176955682555329
"297",358.01001,370.459991,357.299988,359.730011,6229400,359.730011,2019-05-22,"NFLX",0.0154120364962667,0.0154120364962667
"298",355.5,357.420013,347.700012,352.209991,5630400,352.209991,2019-05-23,"NFLX",-0.0209046222723963,-0.0209046222723963
"299",355.410004,359.440002,353.790009,354.390015,3831000,354.390015,2019-05-24,"NFLX",0.00618955752450523,0.00618955752450523
"300",354.390015,361.200012,353.649994,355.059998,4717100,355.059998,2019-05-28,"NFLX",0.00189052448331539,0.00189052448331539
"301",353.600006,353.850006,345.899994,349.190002,5658900,349.190002,2019-05-29,"NFLX",-0.0165324058836952,-0.0165324058836952
"302",350.549988,354.209991,348.299988,351.850006,4008000,351.850006,2019-05-30,"NFLX",0.007617640782281,0.007617640782281
"303",347.220001,349.339996,342.920013,343.279999,5023400,343.279999,2019-05-31,"NFLX",-0.0243569897793323,-0.0243569897793323
"304",343.559998,347.660004,332.649994,336.630005,7849600,336.630005,2019-06-03,"NFLX",-0.0193719238504192,-0.0193719238504192
"305",345,353.609985,343.25,353.399994,7891600,353.399994,2019-06-04,"NFLX",0.0498172734186306,0.0498172734186306
"306",354.380005,357.880005,348.709991,355.730011,5020100,355.730011,2019-06-05,"NFLX",0.00659314385840082,0.00659314385840082
"307",354.839996,358.209991,352.089996,357.130005,3710000,357.130005,2019-06-06,"NFLX",0.00393555212298358,0.00393555212298358
"308",357.390015,365.149994,355.690002,360.869995,4777300,360.869995,2019-06-07,"NFLX",0.0104723488579461,0.0104723488579461
"309",363.649994,367.100006,349.290009,352.01001,7810300,352.01001,2019-06-10,"NFLX",-0.0245517364224199,-0.0245517364224199
"310",355,357.579987,348.5,351.269989,5396700,351.269989,2019-06-11,"NFLX",-0.00210227260298657,-0.00210227260298657
"311",351.820007,353.609985,343.230011,345.559998,4584700,345.559998,2019-06-12,"NFLX",-0.0162552770769153,-0.0162552770769153
"312",347.230011,348.5,339.25,343.429993,6209300,343.429993,2019-06-13,"NFLX",-0.00616392236464813,-0.00616392236464813
"313",341.630005,343.399994,336.160004,339.730011,5019000,339.730011,2019-06-14,"NFLX",-0.010773613474115,-0.010773613474115
"314",342.690002,351.769989,342.059998,350.619995,5358200,350.619995,2019-06-17,"NFLX",0.0320548189662291,0.0320548189662291
"315",355.570007,361.5,353.75,357.119995,5428500,357.119995,2019-06-18,"NFLX",0.0185385890499485,0.0185385890499485
"316",361.720001,364.73999,356.119995,363.519989,5667200,363.519989,2019-06-19,"NFLX",0.0179211304032416,0.0179211304032416
"317",365.910004,370.119995,361.220001,365.209991,5899500,365.209991,2019-06-20,"NFLX",0.00464899331849389,0.00464899331849389
"318",365,371.450012,365,369.209991,7448400,369.209991,2019-06-21,"NFLX",0.0109526028821045,0.0109526028821045
"319",370.269989,375,370.200012,371.040009,4830200,371.040009,2019-06-24,"NFLX",0.00495657767831092,0.00495657767831092
"320",370.75,371,358.290009,360.299988,5750400,360.299988,2019-06-25,"NFLX",-0.0289457221310061,-0.0289457221310061
"321",361.600006,366.790009,361.600006,362.200012,3669700,362.200012,2019-06-26,"NFLX",0.00527345007849411,0.00527345007849411
"322",363.200012,370.850006,363.200012,370.019989,4138600,370.019989,2019-06-27,"NFLX",0.0215902173962379,0.0215902173962379
"323",370.26001,371.540009,364.869995,367.320007,4592700,367.320007,2019-06-28,"NFLX",-0.00729685444101791,-0.00729685444101791
"324",373.5,376.660004,372,374.600006,4992600,374.600006,2019-07-01,"NFLX",0.019819228087949,0.019819228087949
"325",374.890015,376,370.309998,375.429993,3625000,375.429993,2019-07-02,"NFLX",0.00221566200402035,0.00221566200402035
"326",376.690002,381.98999,375.839996,381.720001,3799000,381.720001,2019-07-03,"NFLX",0.0167541435614602,0.0167541435614602
"327",378.290009,381.399994,375.559998,380.549988,3732200,380.549988,2019-07-05,"NFLX",-0.00306510792448633,-0.00306510792448633
"328",378.190002,378.25,375.359985,376.160004,3113400,376.160004,2019-07-08,"NFLX",-0.0115358931505208,-0.0115358931505208
"329",379.059998,384.76001,377.5,379.929993,6932800,379.929993,2019-07-09,"NFLX",0.0100223015735612,0.0100223015735612
"330",382.769989,384.339996,362.679993,381,5878800,381,2019-07-10,"NFLX",0.00281632674364829,0.00281632674364829
"331",381.100006,384.540009,378.799988,379.5,4336300,379.5,2019-07-11,"NFLX",-0.00393700787401574,-0.00393700787401574
"332",378.679993,379.73999,372.790009,373.25,6636900,373.25,2019-07-12,"NFLX",-0.0164690382081687,-0.0164690382081687
"333",372.940002,373.679993,362.299988,366.600006,7944700,366.600006,2019-07-15,"NFLX",-0.0178164608171467,-0.0178164608171467
"334",370.089996,371.339996,364.920013,365.98999,5863200,365.98999,2019-07-16,"NFLX",-0.00166398251504674,-0.00166398251504674
"335",366.25,366.5,361.75,362.440002,13639500,362.440002,2019-07-17,"NFLX",-0.00969968604879057,-0.00969968604879057
"336",323.76001,329.850006,320.299988,325.209991,31305900,325.209991,2019-07-18,"NFLX",-0.102720480064449,-0.102720480064449
"337",323.399994,325.850006,314.230011,315.100006,16302500,315.100006,2019-07-19,"NFLX",-0.0310875596684851,-0.0310875596684851
"338",312,314.540009,305.809998,310.619995,17718000,310.619995,2019-07-22,"NFLX",-0.0142177433027405,-0.0142177433027405
"339",311.440002,313.5,306,307.299988,9171100,307.299988,2019-07-23,"NFLX",-0.0106883235253418,-0.0106883235253418
"340",310.51001,319.98999,307.25,317.940002,11961800,317.940002,2019-07-24,"NFLX",0.0346241926960309,0.0346241926960309
"341",318.859985,327.690002,316.299988,326.459991,10798500,326.459991,2019-07-25,"NFLX",0.0267974741976633,0.0267974741976633
"342",328.790009,336,327.5,335.779999,10847500,335.779999,2019-07-26,"NFLX",0.0285486989430199,0.0285486989430199
"343",335.980011,336.399994,328.769989,332.700012,5782800,332.700012,2019-07-29,"NFLX",-0.00917263389473044,-0.00917263389473044
"344",329.200012,329.649994,323.230011,325.929993,6029300,325.929993,2019-07-30,"NFLX",-0.0203487188332292,-0.0203487188332292
"345",325.160004,331.769989,318.529999,322.98999,6259500,322.98999,2019-07-31,"NFLX",-0.00902035118934286,-0.00902035118934286
"346",324.25,328.579987,318.73999,319.5,6563200,319.5,2019-08-01,"NFLX",-0.010805257463242,-0.010805257463242
"347",317.48999,319.410004,311.799988,318.829987,6280300,318.829987,2019-08-02,"NFLX",-0.00209706729264469,-0.00209706729264469
"348",310.959991,313.420013,304.679993,307.630005,8692500,307.630005,2019-08-05,"NFLX",-0.035128383328636,-0.035128383328636
"349",310.579987,311.880005,305.299988,310.100006,6179100,310.100006,2019-08-06,"NFLX",0.00802912901815289,0.00802912901815289
"350",302.559998,305,296.809998,304.290009,9322400,304.290009,2019-08-07,"NFLX",-0.0187358816110439,-0.0187358816110439
"351",311.029999,316.359985,306.630005,315.899994,5905900,315.899994,2019-08-08,"NFLX",0.0381543417680861,0.0381543417680861
"352",313.73999,316.640015,305.679993,308.929993,5349100,308.929993,2019-08-09,"NFLX",-0.0220639478707935,-0.0220639478707935
"353",305.459991,312.890015,303.23999,310.829987,6531700,310.829987,2019-08-12,"NFLX",0.00615024129431152,0.00615024129431152
"354",309.769989,316.429993,308.160004,312.279999,5289400,312.279999,2019-08-13,"NFLX",0.00466496818403805,0.00466496818403805
"355",308.01001,308.410004,298.01001,299.109985,7355800,299.109985,2019-08-14,"NFLX",-0.042173735244568,-0.042173735244568
"356",299.5,300.630005,288,295.76001,9629200,295.76001,2019-08-15,"NFLX",-0.0111998099963128,-0.0111998099963128
"357",298.859985,303.549988,296.269989,302.799988,6905800,302.799988,2019-08-16,"NFLX",0.0238030083918375,0.0238030083918375
"358",306.25,311.75,304.75,309.380005,4942200,309.380005,2019-08-19,"NFLX",0.0217305721953991,0.0217305721953991
"359",304.570007,305,297.679993,298.98999,7349900,298.98999,2019-08-20,"NFLX",-0.0335833435648176,-0.0335833435648176
"360",301.609985,302.880005,296.200012,297.809998,5685400,297.809998,2019-08-21,"NFLX",-0.00394659366355365,-0.00394659366355365
"361",298.649994,300.329987,293.149994,296.929993,4974200,296.929993,2019-08-22,"NFLX",-0.00295492094258021,-0.00295492094258021
"362",295,299.01001,290.320007,291.440002,6324900,291.440002,2019-08-23,"NFLX",-0.0184891763359184,-0.0184891763359184
"363",295.23999,296.950012,292.5,294.980011,4695700,294.980011,2019-08-26,"NFLX",0.0121466132847474,0.0121466132847474
"364",294.540009,296.769989,287.200012,291.029999,6309400,291.029999,2019-08-27,"NFLX",-0.0133907785365158,-0.0133907785365158
"365",289.470001,292.820007,287.75,291.769989,3955700,291.769989,2019-08-28,"NFLX",0.00254265884115967,0.00254265884115967
"366",295,299.929993,294.98999,296.779999,4388500,296.779999,2019-08-29,"NFLX",0.0171710943170373,0.0171710943170373
"367",298.779999,298.940002,290.850006,293.75,4446400,293.75,2019-08-30,"NFLX",-0.0102095795208894,-0.0102095795208894
"368",290.820007,293.899994,288.059998,289.290009,3682800,289.290009,2019-09-03,"NFLX",-0.0151829480851063,-0.0151829480851063
"369",291.25,292.380005,286.51001,291.519989,4652500,291.519989,2019-09-04,"NFLX",0.00770845840030376,0.00770845840030376
"370",285.320007,293.970001,282.790009,293.25,8966800,293.25,2019-09-05,"NFLX",0.0059344506904464,0.0059344506904464
"371",293.350006,293.350006,287.029999,290.170013,5166600,290.170013,2019-09-06,"NFLX",-0.0105029394714408,-0.0105029394714408
"372",294.809998,301.549988,290.600006,294.339996,8232700,294.339996,2019-09-09,"NFLX",0.0143708268021479,0.0143708268021479
"373",291.160004,297.170013,282.660004,287.98999,12320200,287.98999,2019-09-10,"NFLX",-0.0215737109679107,-0.0215737109679107
"374",285.700012,292.649994,284.609985,288.269989,7405900,288.269989,2019-09-11,"NFLX",0.000972252542527752,0.000972252542527752
"375",288.100006,292.730011,286.600006,288.859985,5010900,288.859985,2019-09-12,"NFLX",0.00204667853926344,0.00204667853926344
"376",290.609985,296.619995,290.040009,294.149994,6583100,294.149994,2019-09-13,"NFLX",0.0183134019064635,0.0183134019064635
"377",294.230011,297.429993,289.779999,294.290009,5307400,294.290009,2019-09-16,"NFLX",0.000475998649858811,0.000475998649858811
"378",294.5,299.149994,291.790009,298.600006,4777100,298.600006,2019-09-17,"NFLX",0.0146454071432647,0.0146454071432647
"379",294.98999,296.049988,287.450012,291.559998,7811100,291.559998,2019-09-18,"NFLX",-0.0235767175436694,-0.0235767175436694
"380",291.559998,293.809998,283.399994,286.600006,8461300,286.600006,2019-09-19,"NFLX",-0.0170119084717514,-0.0170119084717514
"381",178.649994,179.320007,176,177.100006,4744500,170.640335,2018-03-19,"HD",NA,NA
"382",177.639999,178.889999,177.160004,178.160004,4148300,171.661682,2018-03-20,"HD",0.00598537854487935,0.00598530753296522
"383",178.350006,180.139999,177.679993,178.020004,3494400,171.526764,2018-03-21,"HD",-0.000785952918718524,-0.000785810489766225
"384",177.419998,178.559998,175.080002,175.289993,5255100,168.896347,2018-03-22,"HD",-0.0153353152514437,-0.0153354170242576
"385",176.240005,177.059998,171.559998,171.800003,6021300,165.533646,2018-03-23,"HD",-0.0199098503888896,-0.0199098074012702
"386",174.110001,176.800003,173.520004,176.380005,7323600,169.946594,2018-03-26,"HD",0.0266589186345838,0.0266589168802285
"387",177.380005,178.729996,173.600006,174.679993,4713900,168.308594,2018-03-27,"HD",-0.00963832202485926,-0.0096383487459365
"388",175.240005,177.529999,173.919998,174.759995,4318600,168.385681,2018-03-28,"HD",0.000458009886292521,0.000457991774707844
"389",175.699997,178.639999,175.5,178.240005,4423500,171.738754,2018-03-29,"HD",0.0199130530582348,0.0199130813662474
"390",177.149994,177.690002,170.419998,172.899994,7229300,166.593521,2018-04-02,"HD",-0.0299596502254814,-0.0299596659010417
"391",172.779999,174.940002,172.429993,173.759995,5283300,167.42215,2018-04-03,"HD",0.00497395694037817,0.00497397935132371
"392",170.800003,177.839996,170.419998,177.440002,4757300,170.967926,2018-04-04,"HD",0.0211786552735107,0.0211786780956111
"393",178,180.039993,177.309998,179.130005,3799900,172.596313,2018-04-05,"HD",0.00952451748171756,0.00952436305766047
"394",177.979996,178.520004,173.350006,174.449997,5236900,168.08699,2018-04-06,"HD",-0.0261264155741265,-0.0261263209365735
"395",175.059998,175.350006,172.369995,172.509995,5079800,166.217728,2018-04-09,"HD",-0.0111208011994265,-0.0111206766028205
"396",174.029999,174.190002,172.240005,173.490005,4783000,167.162003,2018-04-10,"HD",0.0056809523951622,0.00568088822911395
"397",172,175.059998,171.800003,172.860001,4228400,166.554993,2018-04-11,"HD",-0.00363126780671563,-0.00363135616948074
"398",173.309998,174.240005,172.899994,173.360001,3396700,167.036728,2018-04-12,"HD",0.002892347994635,0.00289251415658609
"399",174.490005,175.509995,172.229996,172.800003,4311200,166.497162,2018-04-13,"HD",-0.00323022371463122,-0.00323026071048538
"400",174.229996,175.600006,173.320007,174.429993,3534200,168.067703,2018-04-16,"HD",0.00943283946185214,0.00943281233623594
"401",175.759995,176.240005,174.100006,174.910004,3106500,168.530212,2018-04-17,"HD",0.00275192075422126,0.00275188338739429
"402",175,180.25,174.990005,179.850006,5858900,173.290039,2018-04-18,"HD",0.0282431674624606,0.0282431072381659
"403",179.5,179.699997,175.770004,177.080002,5407300,170.621048,2018-04-19,"HD",-0.0154018720025795,-0.0154017453855408
"404",177.850006,178.889999,176.320007,177.009995,5008600,170.553604,2018-04-20,"HD",-0.000395285346037721,-0.000395341084308387
"405",177.619995,178.380005,176.130005,177.660004,2987700,171.179901,2018-04-23,"HD",0.00367214169218011,0.00367215986871239
"406",179.300003,180,175.050003,176.259995,4435400,169.830978,2018-04-24,"HD",-0.0078801482657711,-0.0078802711273156
"407",176.080002,178.070007,174.550003,177.389999,5587300,170.919754,2018-04-25,"HD",0.00641093876289189,0.00641100664958016
"408",178.460007,185.929993,178.080002,185.720001,8782500,178.945908,2018-04-26,"HD",0.0469586095940671,0.0469586901570478
"409",185.490005,187.039993,183.869995,186.460007,4382400,179.65892,2018-04-27,"HD",0.00398451134182953,0.00398452507008118
"410",186.990005,187.800003,184.800003,184.800003,4173200,178.059464,2018-04-30,"HD",-0.00890273636288141,-0.00890273483685966
"411",184.729996,184.729996,181.399994,184.630005,3423900,177.895691,2018-05-01,"HD",-0.000919765769934022,-0.000919902582469101
"412",184.490005,187.119995,183.75,185.910004,3866500,179.128967,2018-05-02,"HD",0.00693257938439884,0.00693277888390886
"413",184.869995,184.899994,181.199997,183.190002,4123900,176.508179,2018-05-03,"HD",-0.0146307325045869,-0.0146307457451295
"414",182.75,186.350006,181.839996,185.029999,3896200,178.281067,2018-05-04,"HD",0.0100442257692772,0.0100441999012588
"415",185.399994,185.5,182.669998,183.559998,3582300,176.8647,2018-05-07,"HD",-0.00794457327316767,-0.0079446630705543
"416",183.449997,185.300003,182.5,185.039993,4168200,178.29071,2018-05-08,"HD",0.00806271686775251,0.00806273161977256
"417",185.029999,186.5,183.570007,186.360001,3392300,179.562592,2018-05-09,"HD",0.00713375363191959,0.00713363624046393
"418",185.970001,187.970001,185.880005,187.160004,3850100,180.333374,2018-05-10,"HD",0.00429255331756395,0.00429278276297063
"419",187.630005,190.800003,187.350006,190.309998,5355100,183.368484,2018-05-11,"HD",0.0168305507332214,0.0168304869239051
"420",191.5,191.649994,189.860001,191.080002,7035900,184.110397,2018-05-14,"HD",0.00404602243425867,0.00404605122217494
"421",189.5,189.690002,186.100006,187.979996,10147000,181.123489,2018-05-15,"HD",-0.0162234618395831,-0.0162236025096965
"422",189.279999,189.279999,185.899994,186.380005,5044800,179.581848,2018-05-16,"HD",-0.0085115465062624,-0.0085114960849344
"423",186.25,187.179993,184.869995,185.330002,4227700,178.570145,2018-05-17,"HD",-0.00563365958902484,-0.00563366762437856
"424",185.75,188.210007,185.550003,187.419998,4697900,180.583893,2018-05-18,"HD",0.0112770698595781,0.0112771595394467
"425",188.199997,190.669998,188,189.789993,4147800,182.867447,2018-05-21,"HD",0.0126453913583533,0.012645368825583
"426",190.059998,190.779999,186.520004,186.869995,4585600,180.05397,2018-05-22,"HD",-0.0153853353680823,-0.0153854160266501
"427",187.100006,187.320007,184.979996,186.669998,7387400,179.861267,2018-05-23,"HD",-0.00107025132519989,-0.00107024672419986
"428",186.789993,187.410004,184.669998,187.149994,3941300,180.323746,2018-05-24,"HD",0.0025713095860711,0.00257136125324231
"429",186.710007,187.830002,186.050003,186.850006,2730400,180.034683,2018-05-25,"HD",-0.00160302237731902,-0.00160292818390362
"430",185.550003,186.830002,184.25,185,4725500,178.252167,2018-05-29,"HD",-0.00990095891689946,-0.00990102189239428
"431",184.830002,187.800003,184.009995,187.089996,3976000,181.275208,2018-05-30,"HD",0.0169593506260151,0.0112972756756757
"432",187.160004,187.360001,185.25,186.550003,4839900,180.751984,2018-05-31,"HD",-0.00288635167363871,-0.00288627404749109
"433",187.210007,188.830002,186.520004,187.350006,3706200,181.52713,2018-06-01,"HD",0.00428845085318685,0.00428841054481244
"434",188.220001,191.539993,187.970001,191.360001,4103300,185.412491,2018-06-04,"HD",0.0214037482992211,0.0214037623249397
"435",190.440002,192.380005,189.699997,191.940002,4231300,185.974472,2018-06-05,"HD",0.0030309770230097,0.00303094166476292
"436",193.070007,193.589996,191.210007,193.589996,4134700,187.573181,2018-06-06,"HD",0.00859638950877084,0.00859640503702819
"437",193.830002,197.199997,193.830002,196.169998,4378700,190.072998,2018-06-07,"HD",0.013327155762209,0.0133271452725272
"438",195.869995,198.5,195.009995,198.330002,4006200,192.165878,2018-06-08,"HD",0.0110109274963925,0.0110108784320833
"439",198.910004,200.520004,198.339996,199.639999,4243000,193.435165,2018-06-11,"HD",0.00660516327461647,0.00660513783486971
"440",199.839996,201.339996,199.509995,201.309998,4616700,195.053238,2018-06-12,"HD",0.00836493716124465,0.00836505213566952
"441",201.300003,201.580002,199.660004,200.309998,5128100,194.084335,2018-06-13,"HD",-0.0049673771629466,-0.00496746316593777
"442",200.259995,201,198.160004,199.669998,4305900,193.464203,2018-06-14,"HD",-0.00319516770892414,-0.00319504770800316
"443",198.949997,201.600006,198.5,200.539993,7820900,194.307175,2018-06-15,"HD",0.0043572505245324,0.00435716436477351
"444",198.940002,200.910004,198.110001,200.690002,3396300,194.452515,2018-06-18,"HD",0.000747990906666329,0.00074802535771501
"445",198.210007,199.899994,198.100006,199.210007,5501100,193.018509,2018-06-19,"HD",-0.00737458191271023,-0.0073745327881356
"446",200,200.130005,198.119995,199.080002,3389600,192.892563,2018-06-20,"HD",-0.000652507371715294,-0.000652602758053122
"447",199.210007,200.940002,198.610001,200.309998,4695100,194.084335,2018-06-21,"HD",0.00617842378920552,0.00617840058088803
"448",200.789993,201.199997,197.169998,197.410004,6785800,191.27446,2018-06-22,"HD",-0.0144775981018768,-0.0144775299733167
"449",197.410004,197.839996,195.059998,196.380005,5127200,190.276489,2018-06-25,"HD",-0.00521748172756575,-0.00521756232779358
"450",196.580002,197.330002,195.600006,196.360001,3270600,190.257111,2018-06-26,"HD",-0.000101841273726588,-0.000101863730984197
"451",196.660004,197.990005,195.009995,195.020004,3771700,188.95874,2018-06-27,"HD",-0.00682429683272134,-0.00682418513534233
"452",195,196.009995,193.509995,195.210007,2994000,189.142853,2018-06-28,"HD",0.00097435556566472,0.000974274413408249
"453",195.860001,198.830002,194.990005,195.100006,4106600,189.036255,2018-06-29,"HD",-0.000563584604489353,-0.000563500825036978
"454",193.820007,194.179993,192.119995,194.020004,3822800,187.989822,2018-07-02,"HD",-0.00553562066705149,-0.00553563283847369
"455",194.440002,195.710007,193.410004,193.619995,1608400,187.602249,2018-07-03,"HD",-0.00206167012594971,-0.00206168947404006
"456",194.490005,194.740005,193.130005,194.410004,3040600,188.367691,2018-07-05,"HD",0.00408013232293403,0.00408020359674111
"457",194.580002,195.350006,192.949997,194.479996,2552400,188.435516,2018-07-06,"HD",0.000360067056297986,0.000360022625173206
"458",195.699997,196.710007,195.029999,196.080002,2575100,189.985794,2018-07-09,"HD",0.00822710088261691,0.00822709807131017
"459",196.559998,197.759995,196.380005,197.610001,2842400,191.468231,2018-07-10,"HD",0.00780288340927227,0.00780293239695085
"460",197.220001,197.759995,195.949997,196.949997,3309300,190.828766,2018-07-11,"HD",-0.00333979687732111,-0.00333993217276496
"461",198.199997,198.479996,197,197.949997,2709200,191.797668,2018-07-12,"HD",0.00507733723960668,0.00507743089734602
"462",198.460007,199.929993,198.460007,198.690002,2308100,192.514679,2018-07-13,"HD",0.00373837183463577,0.00373834307256904
"463",199.139999,199.220001,197.889999,198.880005,2530500,192.698761,2018-07-16,"HD",0.000956197215486121,0.000956278615368067
"464",198.630005,201.429993,198.630005,201.100006,4662800,194.849762,2018-07-17,"HD",0.0111625056063542,0.0111625148038386
"465",201.020004,201.919998,200.190002,200.970001,3787800,194.723816,2018-07-18,"HD",-0.00064637492346542,-0.000646469398911997
"466",200.889999,203.229996,200.550003,202.630005,3691100,196.332214,2018-07-19,"HD",0.00825989359206059,0.00825995915678979
"467",202.080002,203.759995,201.820007,202.449997,3564100,196.157822,2018-07-20,"HD",-0.000888249546251108,-0.000888358069181416
"468",202.460007,203.389999,201.899994,202.229996,2264300,195.944626,2018-07-23,"HD",-0.00108685953905019,-0.00108669302672304
"469",203.529999,204.25,201.350006,201.990005,5058100,195.712128,2018-07-24,"HD",-0.00118654951016617,-0.00118672306159762
"470",201.399994,202.289993,199.070007,201,4382700,194.752869,2018-07-25,"HD",-0.00490137739445562,-0.00490125736667013
"471",201.529999,202.119995,198.910004,199.399994,4280000,193.202606,2018-07-26,"HD",-0.00796015487710222,-0.00796022885572145
"472",200.210007,200.490005,196.679993,197.139999,3871200,191.012848,2018-07-27,"HD",-0.011333998258802,-0.0113339772718348
"473",196.529999,197.570007,196.399994,197.279999,2331100,191.148499,2018-07-30,"HD",0.000710166888878483,0.000710155223243136
"474",197.690002,198.029999,196.869995,197.520004,2795900,191.381058,2018-07-31,"HD",0.00121664047176218,0.00121657036301981
"475",196.860001,197.740005,195.600006,196.300003,3086800,190.198959,2018-08-01,"HD",-0.0061766771087659,-0.00617659465012965
"476",195.100006,195.839996,193.550003,195.660004,3543500,189.578857,2018-08-02,"HD",-0.00326028072530093,-0.00326031069902744
"477",196.029999,196.399994,195.25,195.639999,2309000,189.559464,2018-08-03,"HD",-0.000102295162587751,-0.000102243685940029
"478",195.619995,196.059998,195.110001,195.690002,2515700,189.60791,2018-08-06,"HD",0.000255571518180675,0.000255586793373563
"479",196.350006,197.199997,195.639999,197.050003,3052500,190.925644,2018-08-07,"HD",0.00694978389878353,0.00694977252849127
"480",197.440002,198.910004,197.300003,198.020004,2176700,191.865509,2018-08-08,"HD",0.00492267555216408,0.00492261347491585
"481",199,199.740005,198.039993,198.080002,2466000,191.92363,2018-08-09,"HD",0.000302925733254078,0.000302989590890146
"482",197.339996,197.929993,195.639999,196.300003,2873000,190.198959,2018-08-10,"HD",-0.00898623582724023,-0.00898626303527605
"483",196.300003,197.589996,194,194.139999,5294400,188.106064,2018-08-13,"HD",-0.0110037142737464,-0.0110035861792627
"484",195.169998,195.979996,191.270004,193.100006,11488000,187.098419,2018-08-14,"HD",-0.00535679168748115,-0.00535692286678124
"485",191.75,194.179993,191.089996,193.990005,6049300,187.960785,2018-08-15,"HD",0.0046091570661535,0.00460900555331922
"486",194.020004,196.089996,193.720001,195.389999,5690100,189.31723,2018-08-16,"HD",0.00721663830037733,0.00721683573336684
"487",195.600006,195.979996,194.820007,195.559998,3885800,189.481949,2018-08-17,"HD",0.00087006872010531,0.000870049648754145
"488",195.839996,198.440002,195.399994,197.929993,2956700,191.778275,2018-08-20,"HD",0.0121189697072412,0.0121190173053694
"489",198.830002,200.740005,198.410004,200.229996,4124600,194.006805,2018-08-21,"HD",0.0116203464652083,0.0116202853601879
"490",200.800003,203.550003,198.649994,198.970001,5007000,192.78598,2018-08-22,"HD",-0.00629269164037838,-0.00629273847660672
"491",199.389999,201.410004,199.139999,200.160004,3595000,193.938995,2018-08-23,"HD",0.00598080316836325,0.00598081617338875
"492",200.350006,202.5,200,201.300003,3054300,195.043564,2018-08-24,"HD",0.00569544562195956,0.005695438535263
"493",202.830002,202.949997,201.190002,201.979996,2521300,195.702408,2018-08-27,"HD",0.00337793253203666,0.00337800789799281
"494",202.300003,202.419998,200.630005,201.970001,3516300,195.692734,2018-08-28,"HD",-4.9432197073318e-05,-4.94850985144346e-05
"495",201.110001,201.990005,200.710007,201.679993,2488000,196.413406,2018-08-29,"HD",0.00368267122273425,-0.00143589641315101
"496",201,201.440002,199.100006,199.259995,2825400,194.056595,2018-08-30,"HD",-0.0119992369563614,-0.0119991971637959
"497",199.380005,200.910004,199.289993,200.770004,4023300,195.527176,2018-08-31,"HD",0.00757810369701684,0.00757808410062433
"498",200.690002,205.919998,200.5,205.080002,4612800,199.72464,2018-09-04,"HD",0.0214674199559861,0.0214673403104579
"499",204.830002,206.669998,203.149994,204.149994,3667100,198.818909,2018-09-05,"HD",-0.00453489864845924,-0.00453485464662717
"500",204.589996,207.089996,203.800003,205.889999,3490400,200.513458,2018-09-06,"HD",0.00852307765153282,0.00852316948880238
"501",205.449997,207.229996,205.429993,206.229996,3672700,200.844589,2018-09-07,"HD",0.00165141533791702,0.00165135267206451
"502",208.130005,211.619995,208.130005,210.690002,5586600,205.188126,2018-09-10,"HD",0.0216263580792808,0.021626369037024
"503",213,214.660004,211.5,213.850006,5969500,208.26561,2018-09-11,"HD",0.0149983532672842,0.0149983576344548
"504",214.029999,215.429993,210.910004,211.979996,5660100,206.444427,2018-09-12,"HD",-0.00874452099893031,-0.00874449355872364
"505",211.440002,211.440002,208.699997,209.449997,4701100,203.980499,2018-09-13,"HD",-0.0119350666705088,-0.0119350837236548
"506",210.190002,210.529999,207.550003,209.070007,3622400,203.610443,2018-09-14,"HD",-0.00181417342252899,-0.00181422776530282
"507",209.080002,210.039993,208.259995,208.399994,3074700,202.957916,2018-09-17,"HD",-0.00320478159364346,-0.00320473036574787
"508",208.630005,211.729996,208.160004,211.020004,4338500,205.509506,2018-09-18,"HD",0.0125720151757962,0.0125720253139738
"509",212,212.669998,210.660004,211.679993,2579100,206.152267,2018-09-19,"HD",0.00312764607589489,0.00312761343706547
"510",211.660004,212.610001,211.009995,211.059998,4020800,205.548462,2018-09-20,"HD",-0.00292892728654781,-0.00292892583381743
"511",211.300003,212.660004,210.509995,212.389999,9749200,206.843735,2018-09-21,"HD",0.00630154556933649,0.00630153043022386
"512",211.520004,211.839996,207.960007,207.990005,4623700,202.55864,2018-09-24,"HD",-0.0207165810460733,-0.0207165780908545
"513",208.839996,209.300003,206.800003,207.460007,4443300,202.04248,2018-09-25,"HD",-0.00254820036311454,-0.00254818975556059
"514",208.580002,209.139999,207.229996,207.520004,2965800,202.100922,2018-09-26,"HD",0.000289256002005134,0.00028919790791293
"515",207.5,207.830002,205.669998,206.839996,3218800,201.43866,2018-09-27,"HD",-0.003276887574021,-0.00327683108564314
"516",206.440002,208.850006,206.350006,207.149994,3966100,201.74057,2018-09-28,"HD",0.00149876890563116,0.0014987333494243
"517",208.520004,209.789993,207.369995,207.600006,3670500,202.178833,2018-10-01,"HD",0.00217240885162573,0.00217239687682547
"518",207.490005,208.039993,204.669998,204.75,4428000,199.403229,2018-10-02,"HD",-0.0137284598927326,-0.013728352204383
"519",206.160004,206.460007,203.649994,203.740005,4162500,198.419617,2018-10-03,"HD",-0.0049327786963772,-0.00493282051282051
"520",203.649994,203.759995,198.270004,198.850006,5996200,193.657318,2018-10-04,"HD",-0.0240011500475781,-0.0240011724746939
"521",199.070007,199.699997,194.570007,196.380005,5016600,191.251831,2018-10-05,"HD",-0.0124213586392846,-0.0124214278374223
"522",196.240005,198.660004,195.059998,198.410004,3731800,193.228806,2018-10-08,"HD",0.0103370252178134,0.0103370961824754
"523",197.949997,199.179993,195.580002,195.75,4466800,190.63826,2018-10-09,"HD",-0.0134066242690544,-0.0134066022195131
"524",199.110001,199.240005,193.350006,193.699997,6157900,188.6418,2018-10-10,"HD",-0.0104725043126181,-0.0104725568326948
"525",193.710007,196.669998,188.470001,189.740005,5831400,184.785202,2018-10-11,"HD",-0.0204440267215431,-0.0204439445603088
"526",192.75,193.589996,190.160004,192.470001,5450200,187.443909,2018-10-12,"HD",0.014388094778282,0.0143880885846925
"527",192.360001,193.289993,190.699997,191.169998,3642800,186.177856,2018-10-15,"HD",-0.00675430322998649,-0.00675431492308254
"528",191.830002,194.080002,190.610001,193.580002,4057400,188.524933,2018-10-16,"HD",0.0126066388905026,0.0126066015860919
"529",189.639999,190.669998,183.979996,185.169998,8985700,180.334549,2018-10-17,"HD",-0.0434445665603286,-0.0434445909345533
"530",184.259995,185.399994,179.529999,180.440002,9262000,175.728058,2018-10-18,"HD",-0.0255441401858054,-0.0255440732898857
"531",180.339996,180.990005,178.570007,179.850006,7004300,175.153473,2018-10-19,"HD",-0.0032697396564868,-0.00326976276579727
"532",180.820007,181.399994,177.559998,178.75,4866700,174.082199,2018-10-22,"HD",-0.00611620187514061,-0.00611624110815989
"533",175.770004,179.490005,175.440002,178.529999,7004900,173.86795,2018-10-23,"HD",-0.00123073468298729,-0.00123077482517475
"534",178.580002,182.369995,176.309998,176.970001,6791700,172.348679,2018-10-24,"HD",-0.00873807392334247,-0.00873801606866087
"535",177.520004,180.5,176.830002,179.070007,5228000,174.393845,2018-10-25,"HD",0.011866444302715,0.0118664518739535
"536",176.880005,177.339996,170.910004,172.229996,9472200,167.732452,2018-10-26,"HD",-0.0381974088592404,-0.0381974129257727
"537",173.740005,175.990005,170.949997,173.199997,5918400,168.677109,2018-10-29,"HD",0.00563192744597818,0.00563200965295274
"538",173.160004,176.429993,172.639999,176.240005,5657100,171.637741,2018-10-30,"HD",0.0175520674829683,0.017552009541894
"539",177.979996,178.850006,175.589996,175.880005,6339500,171.28714,2018-10-31,"HD",-0.00204268011194586,-0.00204266902965633
"540",176.839996,180.860001,175.899994,180.460007,5225300,175.747528,2018-11-01,"HD",0.0260404137753716,0.0260404927780165
"541",182.470001,183.009995,177.389999,179.929993,4730600,175.231369,2018-11-02,"HD",-0.00293693462362665,-0.00293701639942856
"542",181.020004,182.410004,179.300003,182.190002,3885300,177.432358,2018-11-05,"HD",0.0125604736900731,0.0125604906792833
"543",181.929993,182.649994,180.050003,182.009995,3338800,177.257065,2018-11-06,"HD",-0.00098794268405078,-0.000988017992337387
"544",183.789993,187.679993,182.059998,187.229996,4673400,182.340744,2018-11-07,"HD",0.0286796974777845,0.0286797491533364
"545",187.130005,188.690002,185.720001,188,4054000,183.090652,2018-11-08,"HD",0.00411267379714109,0.00411261024649057
"546",188.320007,188.479996,184.960007,185.990005,4761100,181.133133,2018-11-09,"HD",-0.0106915289154141,-0.0106914627659574
"547",185.229996,186.949997,179.020004,179.429993,7590400,174.744415,2018-11-12,"HD",-0.0352708413650636,-0.035270777050627
"548",177.300003,181.619995,172.850006,179,14274000,174.325668,2018-11-13,"HD",-0.00239633982007381,-0.00239643881611251
"549",182.610001,182.899994,179.149994,179.899994,7561100,175.202164,2018-11-14,"HD",0.00502792279562647,0.00502789944134063
"550",179.009995,179.669998,173.610001,177.360001,8663100,172.7285,2018-11-15,"HD",-0.0141189123668587,-0.0141189165353723
"551",173.990005,177.610001,173.509995,177.020004,6834900,172.397385,2018-11-16,"HD",-0.00191696795838547,-0.00191698803610185
"552",176.710007,178.880005,172.300003,173.589996,6203400,169.056931,2018-11-19,"HD",-0.0193764772012059,-0.0193763864111086
"553",169.25,172,167,169.050003,8661000,164.635498,2018-11-20,"HD",-0.0261535151137932,-0.0261535405531089
"554",170,170.929993,169.149994,169.300003,5752100,164.878967,2018-11-21,"HD",0.00147883659938253,0.00147885238428547
"555",169.389999,170.330002,168.470001,168.850006,2711000,164.44072,2018-11-23,"HD",-0.00265799215008422,-0.00265798577688148
"556",170.199997,172.389999,168.869995,169.820007,6140500,165.385391,2018-11-26,"HD",0.00574475105679428,0.00574474957377258
"557",169.110001,173.380005,168.820007,173.220001,7084200,168.696609,2018-11-27,"HD",0.0200212242446494,0.0200211627596976
"558",172.910004,177.649994,170.619995,177.429993,7133600,173.830292,2018-11-28,"HD",0.0304314534265475,0.0243043065217394
"559",176.800003,177.270004,174.919998,175.660004,4329300,172.096222,2018-11-29,"HD",-0.00997564912334137,-0.00997570348774124
"560",175.75,180.369995,175.110001,180.320007,8942400,176.661667,2018-11-30,"HD",0.0265284440700853,0.0265285374808486
"561",183.289993,183.5,179.350006,181.740005,7610600,178.052856,2018-12-03,"HD",0.00787487757601646,0.00787487768897432
"562",181.059998,182.229996,174.550003,175.300003,7059600,171.743515,2018-12-04,"HD",-0.0354352136873334,-0.0354352471818189
"563",173.5,176.039993,170.460007,175.960007,7571200,172.390121,2018-12-06,"HD",0.0037649514742959,0.00376499708331424
"564",175.350006,178.360001,172.240005,172.789993,6226100,169.284424,2018-12-07,"HD",-0.0180155160979323,-0.0180155369054968
"565",173.389999,173.990005,167.729996,171.690002,5373800,168.206757,2018-12-10,"HD",-0.00636601392222591,-0.00636605732138673
"566",174.300003,175.600006,171.240005,172.210007,5229400,168.716202,2018-12-11,"HD",0.00302868332453499,0.00302874363062799
"567",173.75,176.869995,172.809998,174.210007,5912500,170.675629,2018-12-12,"HD",0.0116137453117868,0.011613726953742
"568",174.309998,174.910004,172.070007,173.869995,6102200,170.342514,2018-12-13,"HD",-0.00195174320992242,-0.00195173633165635
"569",172.979996,175.139999,171.949997,172.289993,4265200,168.794571,2018-12-14,"HD",-0.00908723819821045,-0.00908726085832101
"570",171.509995,171.990005,166.929993,167.970001,5631700,164.562225,2018-12-17,"HD",-0.0250739462467663,-0.0250739577196455
"571",168.899994,171.949997,168.5,170.039993,4462200,166.59021,2018-12-18,"HD",0.0123235147069749,0.0123235815185834
"572",170.919998,174.949997,166.770004,167.559998,6996900,164.160538,2018-12-19,"HD",-0.0145847225956436,-0.0145847747711917
"573",166.279999,167.309998,162.229996,164.160004,7675600,160.829529,2018-12-20,"HD",-0.0202911676617433,-0.0202912033933065
"574",162.809998,167.960007,160.169998,160.479996,13034100,157.224167,2018-12-21,"HD",-0.022417288805217,-0.0224172021828166
"575",160.160004,161.399994,158.089996,158.139999,4547400,154.931656,2018-12-24,"HD",-0.0145811616861674,-0.0145812379008285
"576",159.460007,168.279999,159.440002,168.279999,6141500,164.865921,2018-12-26,"HD",0.0641203047619912,0.0641204000513496
"577",166.440002,170.460007,163.360001,170.320007,5069300,166.864548,2018-12-27,"HD",0.0121227418491177,0.0121227003335078
"578",171.220001,173.119995,168.600006,170.220001,4552000,166.766586,2018-12-28,"HD",-0.000587074972929646,-0.00058716531170655
"579",171.470001,173.240005,170.649994,171.820007,4206000,168.334122,2018-12-31,"HD",0.00939958080091663,0.00939963571025948
"580",169.710007,173.179993,169.050003,172.410004,4242900,168.912155,2019-01-02,"HD",0.00343384331787466,0.00343380849705111
"581",171.839996,171.839996,168.210007,168.610001,4810500,165.18924,2019-01-03,"HD",-0.0220405393560931,-0.0220405017796994
"582",170.179993,174.740005,169.520004,173.619995,4762600,170.097595,2019-01-04,"HD",0.0297135273459699,0.0297135043608712
"583",173.830002,178.179993,173.830002,177.039993,4928800,173.448212,2019-01-07,"HD",0.0196982032579591,0.0196981805004661
"584",178.570007,179.589996,175.610001,177.889999,4722400,174.28096,2019-01-08,"HD",0.00480113337807131,0.00480120895621572
"585",177.869995,181.270004,177.100006,179.729996,4922000,176.083633,2019-01-09,"HD",0.0103434878944895,0.0103434538779215
"586",178.029999,179.240005,176.339996,179.059998,3605300,175.427231,2019-01-10,"HD",-0.00372778542114693,-0.00372780289829855
"587",177.929993,180.259995,177.119995,179.410004,3285100,175.770126,2019-01-11,"HD",0.00195462812726044,0.00195468560208512
"588",177.589996,179.229996,176.899994,178.809998,3871400,175.182312,2019-01-14,"HD",-0.00334422016628699,-0.00334432855817768
"589",176.080002,177.820007,175.199997,176.470001,5016100,172.889771,2019-01-15,"HD",-0.0130866008892496,-0.0130864997828589
"590",177.089996,177.929993,175.860001,177.039993,4075400,173.448212,2019-01-16,"HD",0.00323004071767796,0.00322996541491505
"591",174.009995,175.460007,172,174.869995,6499200,171.32222,2019-01-17,"HD",-0.0122572148509668,-0.012257106223451
"592",176.979996,180.039993,176.179993,179.580002,6371100,175.936691,2019-01-18,"HD",0.0269344571883321,0.0269343348468674
"593",177.490005,178.600006,175.360001,177.110001,6272700,173.516785,2019-01-22,"HD",-0.0137544135123014,-0.0137543210407136
"594",176.589996,178.059998,174.529999,176.889999,4910400,173.301254,2019-01-23,"HD",-0.00124213343394997,-0.00124217717101149
"595",177,177.529999,175.300003,177.289993,3860100,173.69313,2019-01-24,"HD",0.00226124157185836,0.00226125842196434
"596",179.779999,180.869995,178.610001,180.399994,4501800,176.740036,2019-01-25,"HD",0.0175418912653598,0.0175418868678052
"597",178.970001,179.990005,177.410004,179.830002,4091400,176.18161,2019-01-28,"HD",-0.00315958971514518,-0.00315960099200441
"598",178.960007,180.149994,178.089996,179.690002,3686900,176.044449,2019-01-29,"HD",-0.000778520527766835,-0.000778513031435168
"599",180.470001,184.199997,179.779999,182.179993,5197700,178.483917,2019-01-30,"HD",0.0138571140064747,0.013857148268049
"600",181.5,184.669998,181.059998,183.529999,5138000,179.806534,2019-01-31,"HD",0.00741028672067978,0.00741028681453515
"601",184.029999,185.149994,182.830002,184.369995,4513100,180.629486,2019-02-01,"HD",0.00457687483147873,0.0045768866374809
"602",184.300003,186.429993,183.839996,186.429993,3050200,182.647705,2019-02-04,"HD",0.0111732532970834,0.0111731738127996
"603",186.889999,186.990005,184.690002,186.389999,4135200,182.608521,2019-02-05,"HD",-0.000214533218471091,-0.000214525567246104
"604",186.690002,186.690002,184.059998,184.720001,3072500,180.972397,2019-02-06,"HD",-0.00895973523601346,-0.00895969745672887
"605",183.740005,184.919998,182.449997,184.070007,2793400,180.335587,2019-02-07,"HD",-0.00351882392318648,-0.00351880682373962
"606",183.050003,184.580002,182.720001,184.539993,2792300,180.796036,2019-02-08,"HD",0.00255328971757507,0.00255330027775802
"607",185,185.419998,182.75,182.919998,3729200,179.208908,2019-02-11,"HD",-0.00877855529974103,-0.00877855782729986
"608",183.839996,186.399994,183.520004,185.520004,3773200,181.756165,2019-02-12,"HD",0.01421389722435,0.0142138969408911
"609",186.300003,188.679993,185.919998,188.410004,4146900,184.58754,2019-02-13,"HD",0.0155778759966683,0.015577834937951
"610",187.5,188.929993,186,187.710007,2600600,183.901749,2019-02-14,"HD",-0.00371526160433144,-0.00371528573397828
"611",189.869995,192.619995,189.050003,192.389999,4997900,188.486786,2019-02-15,"HD",0.0249319923542435,0.0249320325261082
"612",191.710007,193.190002,191.279999,192.330002,3828400,188.428024,2019-02-19,"HD",-0.000311756602396573,-0.000311850929423763
"613",192.389999,192.399994,191.110001,191.850006,3970100,187.957748,2019-02-20,"HD",-0.00249578587100174,-0.00249568967404268
"614",191.850006,192.369995,190.610001,191.820007,3094200,187.928375,2019-02-21,"HD",-0.000156274483561147,-0.000156366948458664
"615",191.690002,192.539993,191.619995,192.389999,3321600,188.486786,2019-02-22,"HD",0.00297140333384993,0.00297149400062313
"616",192.75,193.419998,189.960007,189.979996,6190700,186.125671,2019-02-25,"HD",-0.0125266871493049,-0.0125266542571165
"617",185.589996,188.470001,182.800003,188.300003,13635100,184.479782,2019-02-26,"HD",-0.00884289088741563,-0.00884299944926836
"618",187.899994,188.5,183.210007,183.669998,8766200,179.94371,2019-02-27,"HD",-0.0245884505652765,-0.0245884488913153
"619",183.600006,185.190002,183.110001,185.139999,8060600,181.383865,2019-02-28,"HD",0.00800336394086787,0.00800349004196099
"620",185.820007,186.559998,182.860001,185.169998,5481300,181.413269,2019-03-01,"HD",0.000162109237224817,0.000162034137204392
"621",186.199997,186.240005,182.100006,183.809998,5046800,180.080856,2019-03-04,"HD",-0.00734462813742698,-0.00734460233671319
"622",184.240005,185.119995,183.25,184,3691000,180.267014,2019-03-05,"HD",0.00103374675207002,0.00103368697060757
"623",184.529999,184.970001,183.839996,184.449997,4460900,180.70787,2019-03-06,"HD",0.00244557221100927,0.00244563586956525
"624",184.389999,184.619995,181.580002,182.509995,4122200,178.80722,2019-03-07,"HD",-0.0105178042328761,-0.0105177665034063
"625",181.490005,181.910004,179.520004,181.229996,3867100,177.553192,2019-03-08,"HD",-0.00701329621924662,-0.00701330905192343
"626",182,183.199997,181.199997,182.440002,3866200,178.738647,2019-03-11,"HD",0.00667661891429128,0.00667663205157276
"627",183.429993,184.270004,182.330002,184,3777000,180.267014,2019-03-12,"HD",0.00855084798756489,0.00855074535682143
"628",183.240005,183.779999,181.080002,181.139999,4528300,178.786499,2019-03-13,"HD",-0.00821290022588383,-0.0155434836956523
"629",181.279999,181.740005,180.5,181.610001,4393000,179.250397,2019-03-14,"HD",0.00259470375332982,0.0025946892050055
"630",182.300003,182.490005,179.570007,182.229996,8059100,179.862335,2019-03-15,"HD",0.00341387249479852,0.00341388137539833
"631",182.529999,183.479996,182.330002,183.419998,4395800,181.03688,2019-03-18,"HD",0.00653024436717109,0.00653022019492333
"632",184.190002,185.820007,183.479996,184.130005,4437100,181.737656,2019-03-19,"HD",0.00387090188474293,0.00387093559994489
"633",184.300003,187.119995,183.429993,186.100006,4772600,183.682068,2019-03-20,"HD",0.0106990045035025,0.0106989678298222
"634",185.5,190,185.5,189.970001,4755700,187.50177,2019-03-21,"HD",0.0207951818138286,0.0207952438217545
"635",189.309998,192.050003,188.669998,188.75,5173600,186.297623,2019-03-22,"HD",-0.006422056709118,-0.00642207187228472
"636",188.75,191.710007,188.509995,189.679993,3845900,187.21553,2019-03-25,"HD",0.0049270999018598,0.00492711523178802
"637",190.690002,192.190002,188.740005,189.339996,4143300,186.879959,2019-03-26,"HD",-0.00179243142916607,-0.0017924768691866
"638",189.649994,191.610001,188.389999,189.25,4298400,186.791138,2019-03-27,"HD",-0.000475283708725738,-0.000475314259539839
"639",189.910004,191.399994,189.160004,190.059998,3326100,187.590607,2019-03-28,"HD",0.00428001568254288,0.00428004227212675
"640",190.850006,192.039993,190.139999,191.889999,4674100,189.39682,2019-03-29,"HD",0.00962848315747489,0.00962854371912591
"641",192.990005,195.899994,192.850006,195.639999,5381400,193.098114,2019-04-01,"HD",0.0195425350858585,0.0195424462949734
"642",195.5,195.5,194.020004,194.309998,2717800,191.785385,2019-04-02,"HD",-0.00679824868719336,-0.00679820592311486
"643",194.979996,198.789993,194.110001,198.610001,4581500,196.029526,2019-04-03,"HD",0.0221296372505131,0.0221296024098565
"644",199,200.490005,198.020004,200.449997,3138400,197.845612,2019-04-04,"HD",0.00926434928991249,0.00926436730645808
"645",200.860001,203.130005,200.610001,202.059998,3615300,199.434692,2019-04-05,"HD",0.00803191935335934,0.00803193327062024
"646",201.369995,203.789993,201.240005,203.550003,3040900,200.905334,2019-04-08,"HD",0.00737405305592476,0.00737407213079355
"647",202.259995,202.710007,200.460007,200.899994,3721700,198.289764,2019-04-09,"HD",-0.0130189176560142,-0.0130189582949798
"648",201.259995,201.600006,198.020004,199.429993,3587500,196.838867,2019-04-10,"HD",-0.0073170544496689,-0.00731707836686146
"649",199.899994,201.5,199.029999,201.479996,2465100,198.862228,2019-04-11,"HD",0.0102792757895727,0.0102793113972581
"650",202.130005,204.259995,202.130005,203.850006,3097900,201.201447,2019-04-12,"HD",0.0117630131349027,0.0117630040056185
"651",204.160004,205.139999,203.399994,204.860001,3049900,202.198318,2019-04-15,"HD",0.00495459160390621,0.00495459882400007
"652",205.25,205.990005,204.289993,204.470001,3271400,201.813385,2019-04-16,"HD",-0.00190373987186176,-0.00190373912963138
"653",205.339996,206.839996,205.320007,206.550003,3271900,203.866348,2019-04-17,"HD",0.0101725809712769,0.01017265119493
"654",206.020004,207.779999,205.100006,205.660004,3162500,202.98793,2019-04-18,"HD",-0.00430879352388258,-0.00430887914341993
"655",204.110001,206.25,204,204.779999,2593900,202.119339,2019-04-22,"HD",-0.00427902782199907,-0.00427893116252187
"656",205.139999,207.330002,203.429993,206.050003,3702600,203.372864,2019-04-23,"HD",0.00620190530110531,0.00620179708077839
"657",206.160004,208.300003,205.539993,206.720001,2750900,204.034149,2019-04-24,"HD",0.00325158915989898,0.00325162819822911
"658",206.009995,207.720001,205.059998,206.5,3292100,203.817001,2019-04-25,"HD",-0.00106427282425159,-0.00106424631838109
"659",205.880005,206.139999,203.339996,203.610001,3560300,200.964539,2019-04-26,"HD",-0.0139952113219446,-0.0139951525423728
"660",203.309998,203.800003,200.339996,202.160004,3785200,199.533386,2019-04-29,"HD",-0.00712142056066911,-0.00712144291969241
"661",201.550003,203.75,200.789993,203.699997,3415600,201.053375,2019-04-30,"HD",0.00761771766856079,0.00761769375509114
"662",203.199997,203.520004,198.660004,198.800003,4644700,196.217041,2019-05-01,"HD",-0.0240549754511706,-0.0240549537170587
"663",199.300003,201.059998,198.800003,201.009995,2810000,198.398315,2019-05-02,"HD",0.0111166389467672,0.011116659792002
"664",202,202.309998,200.320007,200.559998,3583400,197.954178,2019-05-03,"HD",-0.00223861276241177,-0.002238679723364
"665",198.740005,199.929993,198.309998,199.630005,2619400,197.03627,2019-05-06,"HD",-0.0046369720976539,-0.00463698149817493
"666",196.75,197.649994,192.960007,194.770004,4622100,192.23941,2019-05-07,"HD",-0.024345060937258,-0.0243450427204067
"667",194.490005,196.610001,193.679993,195.169998,3122600,192.634201,2019-05-08,"HD",0.00205364238269357,0.00205367352151398
"668",193.309998,195.080002,191.589996,194.580002,2917700,192.05188,2019-05-09,"HD",-0.00302293672139753,-0.00302298512089949
"669",193.210007,195.490005,190.009995,194.580002,3863600,192.05188,2019-05-10,"HD",0,0
"670",191,191.660004,189.139999,190.339996,3325900,187.866959,2019-05-13,"HD",-0.0217905755465658,-0.021790553789798
"671",190.5,192.759995,190.009995,191.619995,3663600,189.130341,2019-05-14,"HD",0.00672487597992144,0.00672480312545543
"672",190.809998,192.809998,190.270004,191.759995,3355800,189.268509,2019-05-15,"HD",0.000730543810524953,0.000730612689975318
"673",192.470001,194.960007,192.199997,192.380005,3854000,189.880463,2019-05-16,"HD",0.00323325841807098,0.00323326040971161
"674",190.860001,194.5,190.75,192.580002,5223800,190.07785,2019-05-17,"HD",0.0010395329613242,0.00103959348581983
"675",191.130005,192.860001,190.610001,190.949997,4782800,188.46904,2019-05-20,"HD",-0.00846395305923342,-0.0084640408301585
"676",187.130005,192.520004,186.339996,191.449997,8555600,188.96254,2019-05-21,"HD",0.00261846720288905,0.00261848655593333
"677",190.490005,192.220001,188.050003,188.910004,5706000,186.455551,2019-05-22,"HD",-0.0132671216210365,-0.0132671352300936
"678",188.449997,192.539993,186.270004,192,7754000,189.505386,2019-05-23,"HD",0.0163569010611004,0.016356973874184
"679",192.539993,193.860001,190.410004,193.589996,3799500,191.074722,2019-05-24,"HD",0.00828122109415941,0.00828122916666674
"680",194.380005,196.470001,191.350006,191.550003,5165800,189.061249,2019-05-28,"HD",-0.0105376209836904,-0.0105376984459467
"681",190.279999,191.880005,188.029999,189.990005,4569900,187.521515,2019-05-29,"HD",-0.00814410149168121,-0.00814407713687171
"682",190.130005,192.5,190.089996,191.080002,3029800,188.597351,2019-05-30,"HD",0.00573713368303364,0.00573712811892402
"683",189.639999,190.289993,188.660004,189.850006,3681500,187.383347,2019-05-31,"HD",-0.00643701512011174,-0.00643707340970201
"684",189.520004,191.869995,188.75,189.570007,4620200,187.106979,2019-06-03,"HD",-0.00147488026243869,-0.00147484325072922
"685",191.580002,195.5,191.419998,195.25,5118100,192.713181,2019-06-04,"HD",0.0299625488582123,0.0299625087844198
"686",194.009995,196.720001,193.080002,196.690002,3704600,195.496185,2019-06-05,"HD",0.0144411709959789,0.00737517029449419
"687",196.649994,197.649994,194.960007,197.169998,3732900,195.973267,2019-06-06,"HD",0.00244036475698994,0.00244036806710701
"688",197.199997,199.020004,196.210007,197.300003,3522300,196.102478,2019-06-07,"HD",0.000659329723783131,0.000659354878119078
"689",198.559998,199.850006,197.320007,198.050003,3154500,196.847931,2019-06-10,"HD",0.003801344111521,0.00380131773236725
"690",199.020004,200.839996,195.839996,198.009995,3708500,196.808167,2019-06-11,"HD",-0.000202003647170601,-0.000202009590477004
"691",198.809998,200.190002,197.979996,198.940002,2551500,197.732529,2019-06-12,"HD",0.00469676647107842,0.00469676795860718
"692",199.949997,202.679993,199.449997,202.350006,3630900,201.121841,2019-06-13,"HD",0.0171408923819509,0.0171408664206207
"693",201.309998,206.5,201.309998,205.770004,4898000,204.521072,2019-06-14,"HD",0.0169013518526813,0.0169013980656862
"694",207,208.789993,206,206.979996,4620500,205.723724,2019-06-17,"HD",0.00588033295659618,0.00588031285648416
"695",208.100006,210.169998,207.110001,207.479996,3891300,206.220688,2019-06-18,"HD",0.00241568638918865,0.00241569238410855
"696",207.899994,208.479996,205.899994,207.940002,3648200,206.677902,2019-06-19,"HD",0.00221711024453564,0.00221711012564318
"697",209.570007,211.660004,209.309998,211.25,5171500,209.967804,2019-06-20,"HD",0.0159180152699634,0.0159180435133399
"698",211.259995,211.990005,209.080002,209.389999,9855000,208.119095,2019-06-21,"HD",-0.00880472608076621,-0.00880473846153851
"699",208.149994,209.259995,205.119995,205.5,4943500,204.252716,2019-06-24,"HD",-0.018577723490485,-0.0185777688455884
"700",206.300003,207.100006,204.199997,204.740005,3587900,203.49733,2019-06-25,"HD",-0.00369829109151232,-0.00369827250608279
"701",205.339996,207.320007,204.649994,206.419998,3071200,205.16713,2019-06-26,"HD",0.00820551306496253,0.00820549457347131
"702",207.610001,208,206.009995,207.020004,2286800,205.763489,2019-06-27,"HD",0.002906698553516,0.00290672418279936
"703",207.770004,209,207.389999,207.970001,11069000,206.707718,2019-06-28,"HD",0.00458890449704619,0.00458891402591211
"704",209.699997,212.309998,208.169998,210.279999,4097700,209.003693,2019-07-01,"HD",0.0111073501377437,0.0111073615852895
"705",210.240005,210.259995,208.460007,210.139999,3160500,208.864548,2019-07-02,"HD",-0.000665753786465273,-0.000665778964551
"706",209.820007,212.75,209.699997,212.100006,2183700,210.812653,2019-07-03,"HD",0.009327121422253,0.00932714861200701
"707",209.970001,212.169998,209.729996,211.460007,2547800,210.176544,2019-07-05,"HD",-0.00301741376026421,-0.00301743980148694
"708",210.979996,213.440002,210.589996,212.910004,2705300,211.617737,2019-07-08,"HD",0.00685705917783097,0.0068570743970513
"709",211.929993,213.330002,211.199997,212,2397400,210.713257,2019-07-09,"HD",-0.00427412188043574,-0.00427412513692871
"710",210.720001,211.320007,208.830002,210.75,3457400,209.47084,2019-07-10,"HD",-0.0058962450568546,-0.00589622641509435
"711",212.25,214.080002,211.020004,214.039993,3450100,212.740875,2019-07-11,"HD",0.0156109318127524,0.0156108801897983
"712",215,218.25,214.610001,218.229996,4429800,216.905441,2019-07-12,"HD",0.0195757679383428,0.0195757948842765
"713",218.949997,219.300003,216.809998,218.699997,3141300,217.372589,2019-07-15,"HD",0.00215369424504197,0.00215369568168811
"714",217.300003,218.350006,216.729996,217.259995,2657400,215.94133,2019-07-16,"HD",-0.00658435825135251,-0.00658437137518564
"715",216.729996,217.580002,215.610001,215.610001,3037300,214.301346,2019-07-17,"HD",-0.00759458136152069,-0.0075945596887268
"716",215.5,216.229996,213.009995,214.440002,3069600,213.138443,2019-07-18,"HD",-0.00542648481545238,-0.00542645978652923
"717",214.669998,215.229996,212.929993,213.039993,3254800,211.746933,2019-07-19,"HD",-0.0065286673788828,-0.00652867462666773
"718",213,213.259995,210.380005,211.270004,2764900,209.987686,2019-07-22,"HD",-0.00830825256864531,-0.00830824755049631
"719",212.570007,214.130005,211.729996,213.080002,2589900,211.786697,2019-07-23,"HD",0.00856722141316424,0.0085672266092256
"720",213.190002,214.789993,213.070007,214.710007,2207100,213.406815,2019-07-24,"HD",0.00764976281772789,0.00764973242303602
"721",214.279999,215.919998,213.630005,215.550003,2335300,214.241714,2019-07-25,"HD",0.00391224150925074,0.00391223498027271
"722",215.529999,217.210007,214.100006,216.910004,2675500,215.59346,2019-07-26,"HD",0.00630944354748753,0.00630944551645385
"723",216.789993,218.270004,216.350006,218.039993,2407200,216.716583,2019-07-29,"HD",0.0052094483756604,0.00520948309972846
"724",217.520004,218.589996,216.860001,217.360001,2172600,216.040726,2019-07-30,"HD",-0.00311862152237796,-0.00311865722725457
"725",216.350006,217.800003,212.169998,213.690002,3426400,212.393005,2019-07-31,"HD",-0.0168844137285487,-0.0168844266797736
"726",214.139999,217.610001,212.020004,212.830002,3431500,211.538223,2019-08-01,"HD",-0.00402452990389213,-0.00402452146544496
"727",211.860001,213.139999,211.080002,212.149994,2884900,210.862335,2019-08-02,"HD",-0.0031951105120136,-0.00319507585213485
"728",209.529999,209.960007,204.080002,204.940002,4553200,203.696106,2019-08-05,"HD",-0.03398534403975,-0.0339853509493854
"729",205.009995,209.089996,204.5,208.800003,3646800,207.532684,2019-08-06,"HD",0.018834812679237,0.0188347856071556
"730",206.039993,208.5,203.130005,207.910004,3901100,206.648087,2019-08-07,"HD",-0.00426244668044662,-0.00426244725676572
"731",209.699997,211.690002,208.720001,211.570007,2968000,210.285873,2019-08-08,"HD",0.0176037729301604,0.0176037849530319
"732",211.449997,212.410004,207.949997,210.020004,2912100,208.745285,2019-08-09,"HD",-0.00732616023141042,-0.00732619439767757
"733",208.100006,209.639999,206.149994,207.009995,1782600,205.75354,2019-08-12,"HD",-0.0143320362900652,-0.0143320109640603
"734",206.309998,211.619995,204.779999,208.330002,3876700,207.065536,2019-08-13,"HD",0.00637654156521439,0.00637653751935985
"735",204.460007,205.360001,201.509995,201.589996,4582100,200.36644,2019-08-14,"HD",-0.0323525398258453,-0.0323525461301536
"736",203,203.759995,199.050003,201.789993,4199700,200.565216,2019-08-15,"HD",0.000992062343374345,0.000992097841998163
"737",203.75,204.429993,201.669998,203.649994,4093600,202.413925,2019-08-16,"HD",0.00921749561997842,0.00921750862045956
"738",206.979996,208.820007,205.300003,207.949997,6413600,206.687836,2019-08-19,"HD",0.0211147083877752,0.0211146728538574
"739",213.5,217.850006,212.169998,217.089996,12452600,215.772354,2019-08-20,"HD",0.0439528429723364,0.0439528691120876
"740",218.729996,220.880005,216.759995,220.399994,7938600,219.062271,2019-08-21,"HD",0.0152471664650793,0.0152471235938481
"741",220.050003,222.660004,219.880005,221.020004,4544600,219.678513,2019-08-22,"HD",0.00281309052986134,0.00281311259926809
"742",219.899994,220.869995,216.009995,217.470001,5769300,216.150055,2019-08-23,"HD",-0.0160619168065836,-0.01606190813389
"743",218.460007,219.5,216.179993,218.649994,3680200,217.322891,2019-08-26,"HD",0.00542602684047422,0.00542600356175105
"744",219.550003,220.410004,217.910004,218.210007,4311700,216.885574,2019-08-27,"HD",-0.00201229147094317,-0.00201228910164064
"745",217.880005,222.089996,217.110001,221.949997,3066700,220.602859,2019-08-28,"HD",0.0171393833690388,0.0171394064434451
"746",223.899994,227.699997,223.759995,227.320007,4184200,225.940277,2019-08-29,"HD",0.0241946909672643,0.0241946838143008
"747",228.429993,229.270004,226.690002,227.910004,3768300,226.526688,2019-08-30,"HD",0.00259542480776909,0.00259544686711188
"748",226.449997,227.630005,223.380005,224.070007,4139400,222.710007,2019-09-03,"HD",-0.0168487034958107,-0.0168487426291299
"749",223.949997,224.149994,220.669998,224.149994,3132900,224.149994,2019-09-04,"HD",0.00646574897732366,0.000356973256130599
"750",226.300003,228.779999,226.25,228.149994,3373100,228.149994,2019-09-05,"HD",0.0178451934288251,0.0178451934288251
"751",228.699997,231.369995,227.880005,231.130005,3237900,231.130005,2019-09-06,"HD",0.0130616308497471,0.0130616308497471
"752",231.5,233.869995,230.080002,232.869995,4449100,232.869995,2019-09-09,"HD",0.00752818743719574,0.00752818743719574
"753",232.25,233.020004,229.710007,233,4210600,233,2019-09-10,"HD",0.000558272868086851,0.000558272868086851
"754",232.929993,233.679993,231.020004,232.660004,2978300,232.660004,2019-09-11,"HD",-0.00145921030042928,-0.00145921030042928
"755",233.419998,235.490005,233.110001,233.800003,3366100,233.800003,2019-09-12,"HD",0.00489984948164968,0.00489984948164968
"756",234.330002,234.970001,232.330002,233.979996,3805500,233.979996,2019-09-13,"HD",0.00076985884384273,0.00076985884384273
"757",232.729996,233.610001,230.610001,230.990005,3120200,230.990005,2019-09-16,"HD",-0.0127788317425221,-0.0127788317425221
"758",226.789993,230.330002,226.470001,230.210007,3732500,230.210007,2019-09-17,"HD",-0.00337676082564697,-0.00337676082564697
"759",230.369995,231.529999,229.009995,230.830002,3341800,230.830002,2019-09-18,"HD",0.00269317137026115,0.00269317137026115
"760",231.149994,231.399994,227.949997,228.119995,3134000,228.119995,2019-09-19,"HD",-0.0117402719599683,-0.0117402719599683
